claim_id,person_id,fraud_flag_pred,fraud_probability,fraud_risk_level
CLM100000,PID50000,0,0.1146,Low
CLM100001,PID50001,0,0.1886,Low
CLM100002,PID50002,0,0.1196,Low
CLM100003,PID50003,0,0.181,Low
CLM100004,PID50004,0,0.138,Low
CLM100005,PID50005,0,0.31,Low
CLM100006,PID50006,0,0.1889,Low
CLM100007,PID50007,0,0.1088,Low
CLM100008,PID50008,0,0.1574,Low
CLM100009,PID50009,0,0.1621,Low
CLM100010,PID50010,0,0.0998,Low
CLM100011,PID50011,0,0.4836,Low
CLM100012,PID50012,0,0.0992,Low
CLM100013,PID50013,0,0.1474,Low
CLM100014,PID50014,0,0.2221,Low
CLM100015,PID50015,0,0.0297,Low
CLM100016,PID50016,0,0.205,Low
CLM100017,PID50017,0,0.1211,Low
CLM100018,PID50018,0,0.1349,Low
CLM100019,PID50019,0,0.1355,Low
CLM100020,PID50020,0,0.2225,Low
CLM100021,PID50021,0,0.1098,Low
CLM100022,PID50022,0,0.2841,Low
CLM100023,PID50023,0,0.1551,Low
CLM100024,PID50024,0,0.2261,Low
CLM100025,PID50025,0,0.2778,Low
CLM100026,PID50026,0,0.1474,Low
CLM100027,PID50027,0,0.1225,Low
CLM100028,PID50028,0,0.1792,Low
CLM100029,PID50029,0,0.1488,Low
CLM100030,PID50030,0,0.1691,Low
CLM100031,PID50031,0,0.0889,Low
CLM100032,PID50032,0,0.122,Low
CLM100033,PID50033,0,0.1036,Low
CLM100034,PID50034,0,0.1566,Low
CLM100035,PID50035,0,0.1331,Low
CLM100036,PID50036,0,0.1986,Low
CLM100037,PID50037,0,0.1482,Low
CLM100038,PID50038,0,0.1773,Low
CLM100039,PID50039,0,0.1488,Low
CLM100040,PID50040,0,0.186,Low
CLM100041,PID50041,0,0.0834,Low
CLM100042,PID50042,0,0.2469,Low
CLM100043,PID50043,0,0.2328,Low
CLM100044,PID50044,0,0.0928,Low
CLM100045,PID50045,0,0.1968,Low
CLM100046,PID50046,0,0.18,Low
CLM100047,PID50047,0,0.273,Low
CLM100048,PID50048,0,0.0854,Low
CLM100049,PID50049,0,0.2053,Low
CLM100050,PID50050,0,0.1464,Low
CLM100051,PID50051,0,0.1565,Low
CLM100052,PID50052,0,0.0856,Low
CLM100053,PID50053,0,0.1178,Low
CLM100054,PID50054,0,0.2713,Low
CLM100055,PID50055,0,0.2502,Low
CLM100056,PID50056,0,0.0999,Low
CLM100057,PID50057,0,0.2184,Low
CLM100058,PID50058,0,0.1716,Low
CLM100059,PID50059,0,0.0936,Low
CLM100060,PID50060,0,0.261,Low
CLM100061,PID50061,0,0.069,Low
CLM100062,PID50062,0,0.1114,Low
CLM100063,PID50063,0,0.2227,Low
CLM100064,PID50064,0,0.1333,Low
CLM100065,PID50065,0,0.1089,Low
CLM100066,PID50066,0,0.1795,Low
CLM100067,PID50067,0,0.181,Low
CLM100068,PID50068,0,0.0478,Low
CLM100069,PID50069,0,0.2558,Low
CLM100070,PID50070,0,0.0802,Low
CLM100071,PID50071,0,0.2196,Low
CLM100072,PID50072,0,0.2478,Low
CLM100073,PID50073,0,0.1296,Low
CLM100074,PID50074,0,0.1614,Low
CLM100075,PID50075,0,0.142,Low
CLM100076,PID50076,0,0.1026,Low
CLM100077,PID50077,0,0.2777,Low
CLM100078,PID50078,0,0.1029,Low
CLM100079,PID50079,0,0.2662,Low
CLM100080,PID50080,0,0.0546,Low
CLM100081,PID50081,0,0.0891,Low
CLM100082,PID50082,0,0.112,Low
CLM100083,PID50083,0,0.0413,Low
CLM100084,PID50084,0,0.151,Low
CLM100085,PID50085,0,0.1445,Low
CLM100086,PID50086,0,0.1976,Low
CLM100087,PID50087,0,0.2462,Low
CLM100088,PID50088,0,0.1968,Low
CLM100089,PID50089,0,0.1069,Low
CLM100090,PID50090,0,0.1917,Low
CLM100091,PID50091,0,0.1518,Low
CLM100092,PID50092,0,0.126,Low
CLM100093,PID50093,0,0.3812,Low
CLM100094,PID50094,0,0.4512,Low
CLM100095,PID50095,0,0.2091,Low
CLM100096,PID50096,0,0.2246,Low
CLM100097,PID50097,0,0.2878,Low
CLM100098,PID50098,0,0.1968,Low
CLM100099,PID50099,0,0.0453,Low
CLM100100,PID50100,0,0.2236,Low
CLM100101,PID50101,0,0.2673,Low
CLM100102,PID50102,0,0.1489,Low
CLM100103,PID50103,0,0.3067,Low
CLM100104,PID50104,0,0.1709,Low
CLM100105,PID50105,0,0.1928,Low
CLM100106,PID50106,0,0.1706,Low
CLM100107,PID50107,0,0.1727,Low
CLM100108,PID50108,0,0.0714,Low
CLM100109,PID50109,0,0.1927,Low
CLM100110,PID50110,0,0.265,Low
CLM100111,PID50111,0,0.233,Low
CLM100112,PID50112,0,0.2545,Low
CLM100113,PID50113,0,0.2206,Low
CLM100114,PID50114,0,0.174,Low
CLM100115,PID50115,0,0.1145,Low
CLM100116,PID50116,0,0.0674,Low
CLM100117,PID50117,0,0.1838,Low
CLM100118,PID50118,0,0.2575,Low
CLM100119,PID50119,0,0.1103,Low
CLM100120,PID50120,0,0.1524,Low
CLM100121,PID50121,0,0.0766,Low
CLM100122,PID50122,0,0.1708,Low
CLM100123,PID50123,0,0.2205,Low
CLM100124,PID50124,0,0.2247,Low
CLM100125,PID50125,0,0.1684,Low
CLM100126,PID50126,0,0.149,Low
CLM100127,PID50127,0,0.1988,Low
CLM100128,PID50128,0,0.1659,Low
CLM100129,PID50129,0,0.1482,Low
CLM100130,PID50130,0,0.071,Low
CLM100131,PID50131,0,0.1589,Low
CLM100132,PID50132,0,0.1891,Low
CLM100133,PID50133,0,0.1464,Low
CLM100134,PID50134,0,0.3176,Low
CLM100135,PID50135,0,0.149,Low
CLM100136,PID50136,0,0.1746,Low
CLM100137,PID50137,0,0.2316,Low
CLM100138,PID50138,0,0.1432,Low
CLM100139,PID50139,0,0.2031,Low
CLM100140,PID50140,0,0.0625,Low
CLM100141,PID50141,0,0.3173,Low
CLM100142,PID50142,0,0.1452,Low
CLM100143,PID50143,0,0.1571,Low
CLM100144,PID50144,0,0.1481,Low
CLM100145,PID50145,0,0.1097,Low
CLM100146,PID50146,0,0.2408,Low
CLM100147,PID50147,0,0.1429,Low
CLM100148,PID50148,0,0.3922,Low
CLM100149,PID50149,0,0.0606,Low
CLM100150,PID50150,0,0.3267,Low
CLM100151,PID50151,0,0.2497,Low
CLM100152,PID50152,0,0.1808,Low
CLM100153,PID50153,0,0.1111,Low
CLM100154,PID50154,0,0.1951,Low
CLM100155,PID50155,0,0.1269,Low
CLM100156,PID50156,0,0.1977,Low
CLM100157,PID50157,0,0.1635,Low
CLM100158,PID50158,0,0.1832,Low
CLM100159,PID50159,0,0.1451,Low
CLM100160,PID50160,0,0.1274,Low
CLM100161,PID50161,0,0.2692,Low
CLM100162,PID50162,0,0.1954,Low
CLM100163,PID50163,0,0.1461,Low
CLM100164,PID50164,0,0.0751,Low
CLM100165,PID50165,0,0.2589,Low
CLM100166,PID50166,0,0.1024,Low
CLM100167,PID50167,0,0.1579,Low
CLM100168,PID50168,0,0.1984,Low
CLM100169,PID50169,0,0.163,Low
CLM100170,PID50170,0,0.2175,Low
CLM100171,PID50171,0,0.0712,Low
CLM100172,PID50172,0,0.1231,Low
CLM100173,PID50173,0,0.2374,Low
CLM100174,PID50174,0,0.162,Low
CLM100175,PID50175,0,0.1904,Low
CLM100176,PID50176,0,0.184,Low
CLM100177,PID50177,0,0.1817,Low
CLM100178,PID50178,0,0.1909,Low
CLM100179,PID50179,0,0.0999,Low
CLM100180,PID50180,0,0.0849,Low
CLM100181,PID50181,0,0.3116,Low
CLM100182,PID50182,0,0.2112,Low
CLM100183,PID50183,0,0.0842,Low
CLM100184,PID50184,0,0.1652,Low
CLM100185,PID50185,0,0.1404,Low
CLM100186,PID50186,0,0.3001,Low
CLM100187,PID50187,0,0.2101,Low
CLM100188,PID50188,0,0.1331,Low
CLM100189,PID50189,0,0.0823,Low
CLM100190,PID50190,0,0.1855,Low
CLM100191,PID50191,0,0.2104,Low
CLM100192,PID50192,0,0.28,Low
CLM100193,PID50193,0,0.1076,Low
CLM100194,PID50194,0,0.1621,Low
CLM100195,PID50195,0,0.2032,Low
CLM100196,PID50196,0,0.1722,Low
CLM100197,PID50197,0,0.1535,Low
CLM100198,PID50198,0,0.3041,Low
CLM100199,PID50199,0,0.0827,Low
CLM100200,PID50200,0,0.1214,Low
CLM100201,PID50201,0,0.1843,Low
CLM100202,PID50202,0,0.2374,Low
CLM100203,PID50203,0,0.1375,Low
CLM100204,PID50204,0,0.0674,Low
CLM100205,PID50205,0,0.3262,Low
CLM100206,PID50206,0,0.1358,Low
CLM100207,PID50207,0,0.1823,Low
CLM100208,PID50208,0,0.0328,Low
CLM100209,PID50209,0,0.1451,Low
CLM100210,PID50210,0,0.3377,Low
CLM100211,PID50211,0,0.188,Low
CLM100212,PID50212,0,0.2702,Low
CLM100213,PID50213,0,0.1861,Low
CLM100214,PID50214,0,0.233,Low
CLM100215,PID50215,0,0.2153,Low
CLM100216,PID50216,0,0.105,Low
CLM100217,PID50217,0,0.1749,Low
CLM100218,PID50218,0,0.3347,Low
CLM100219,PID50219,0,0.2284,Low
CLM100220,PID50220,0,0.163,Low
CLM100221,PID50221,0,0.1586,Low
CLM100222,PID50222,0,0.0323,Low
CLM100223,PID50223,0,0.1402,Low
CLM100224,PID50224,0,0.1778,Low
CLM100225,PID50225,0,0.108,Low
CLM100226,PID50226,0,0.1448,Low
CLM100227,PID50227,0,0.2863,Low
CLM100228,PID50228,0,0.2394,Low
CLM100229,PID50229,0,0.2027,Low
CLM100230,PID50230,0,0.2189,Low
CLM100231,PID50231,0,0.0485,Low
CLM100232,PID50232,0,0.2911,Low
CLM100233,PID50233,0,0.2714,Low
CLM100234,PID50234,0,0.1973,Low
CLM100235,PID50235,0,0.2095,Low
CLM100236,PID50236,0,0.2416,Low
CLM100237,PID50237,0,0.1736,Low
CLM100238,PID50238,0,0.1201,Low
CLM100239,PID50239,0,0.1183,Low
CLM100240,PID50240,0,0.1691,Low
CLM100241,PID50241,0,0.444,Low
CLM100242,PID50242,0,0.1474,Low
CLM100243,PID50243,0,0.1432,Low
CLM100244,PID50244,0,0.4254,Low
CLM100245,PID50245,0,0.046,Low
CLM100246,PID50246,0,0.0897,Low
CLM100247,PID50247,0,0.16,Low
CLM100248,PID50248,0,0.1619,Low
CLM100249,PID50249,0,0.1753,Low
CLM100250,PID50250,0,0.0994,Low
CLM100251,PID50251,0,0.1748,Low
CLM100252,PID50252,0,0.2194,Low
CLM100253,PID50253,0,0.2085,Low
CLM100254,PID50254,0,0.2436,Low
CLM100255,PID50255,0,0.2509,Low
CLM100256,PID50256,0,0.2842,Low
CLM100257,PID50257,0,0.1706,Low
CLM100258,PID50258,0,0.1468,Low
CLM100259,PID50259,0,0.1458,Low
CLM100260,PID50260,0,0.1052,Low
CLM100261,PID50261,0,0.1559,Low
CLM100262,PID50262,0,0.1334,Low
CLM100263,PID50263,0,0.1202,Low
CLM100264,PID50264,0,0.0098,Low
CLM100265,PID50265,0,0.2023,Low
CLM100266,PID50266,0,0.2847,Low
CLM100267,PID50267,0,0.1528,Low
CLM100268,PID50268,0,0.1579,Low
CLM100269,PID50269,0,0.2333,Low
CLM100270,PID50270,0,0.2772,Low
CLM100271,PID50271,0,0.195,Low
CLM100272,PID50272,0,0.1472,Low
CLM100273,PID50273,0,0.1588,Low
CLM100274,PID50274,0,0.086,Low
CLM100275,PID50275,0,0.2057,Low
CLM100276,PID50276,0,0.0667,Low
CLM100277,PID50277,0,0.1944,Low
CLM100278,PID50278,0,0.2076,Low
CLM100279,PID50279,0,0.2757,Low
CLM100280,PID50280,0,0.1046,Low
CLM100281,PID50281,0,0.2054,Low
CLM100282,PID50282,0,0.191,Low
CLM100283,PID50283,0,0.0862,Low
CLM100284,PID50284,0,0.1398,Low
CLM100285,PID50285,0,0.1243,Low
CLM100286,PID50286,0,0.2197,Low
CLM100287,PID50287,0,0.1258,Low
CLM100288,PID50288,0,0.15,Low
CLM100289,PID50289,0,0.0668,Low
CLM100290,PID50290,0,0.2468,Low
CLM100291,PID50291,0,0.0739,Low
CLM100292,PID50292,0,0.1697,Low
CLM100293,PID50293,0,0.1462,Low
CLM100294,PID50294,0,0.1156,Low
CLM100295,PID50295,0,0.2137,Low
CLM100296,PID50296,0,0.1515,Low
CLM100297,PID50297,0,0.0526,Low
CLM100298,PID50298,0,0.0531,Low
CLM100299,PID50299,0,0.1001,Low
CLM100300,PID50300,0,0.2203,Low
CLM100301,PID50301,0,0.1781,Low
CLM100302,PID50302,0,0.123,Low
CLM100303,PID50303,0,0.1229,Low
CLM100304,PID50304,0,0.1008,Low
CLM100305,PID50305,0,0.2138,Low
CLM100306,PID50306,0,0.2045,Low
CLM100307,PID50307,0,0.1374,Low
CLM100308,PID50308,0,0.1537,Low
CLM100309,PID50309,0,0.2457,Low
CLM100310,PID50310,0,0.354,Low
CLM100311,PID50311,0,0.0626,Low
CLM100312,PID50312,0,0.159,Low
CLM100313,PID50313,0,0.1048,Low
CLM100314,PID50314,0,0.0881,Low
CLM100315,PID50315,0,0.1909,Low
CLM100316,PID50316,0,0.1488,Low
CLM100317,PID50317,0,0.1588,Low
CLM100318,PID50318,0,0.2638,Low
CLM100319,PID50319,0,0.1258,Low
CLM100320,PID50320,0,0.001,Low
CLM100321,PID50321,0,0.0873,Low
CLM100322,PID50322,0,0.1524,Low
CLM100323,PID50323,0,0.1698,Low
CLM100324,PID50324,0,0.2356,Low
CLM100325,PID50325,0,0.1886,Low
CLM100326,PID50326,0,0.057,Low
CLM100327,PID50327,0,0.1912,Low
CLM100328,PID50328,0,0.1036,Low
CLM100329,PID50329,0,0.1808,Low
CLM100330,PID50330,0,0.1547,Low
CLM100331,PID50331,0,0.1573,Low
CLM100332,PID50332,0,0.1033,Low
CLM100333,PID50333,0,0.1107,Low
CLM100334,PID50334,0,0.0674,Low
CLM100335,PID50335,0,0.2938,Low
CLM100336,PID50336,0,0.1548,Low
CLM100337,PID50337,0,0.2252,Low
CLM100338,PID50338,0,0.063,Low
CLM100339,PID50339,0,0.0497,Low
CLM100340,PID50340,0,0.2737,Low
CLM100341,PID50341,0,0.1088,Low
CLM100342,PID50342,0,0.3863,Low
CLM100343,PID50343,0,0.111,Low
CLM100344,PID50344,0,0.0951,Low
CLM100345,PID50345,0,0.232,Low
CLM100346,PID50346,0,0.1139,Low
CLM100347,PID50347,0,0.1484,Low
CLM100348,PID50348,0,0.0977,Low
CLM100349,PID50349,0,0.1252,Low
CLM100350,PID50350,0,0.1601,Low
CLM100351,PID50351,0,0.1302,Low
CLM100352,PID50352,0,0.1332,Low
CLM100353,PID50353,0,0.1833,Low
CLM100354,PID50354,0,0.1027,Low
CLM100355,PID50355,0,0.2225,Low
CLM100356,PID50356,0,0.1071,Low
CLM100357,PID50357,0,0.1901,Low
CLM100358,PID50358,0,0.3442,Low
CLM100359,PID50359,0,0.2396,Low
CLM100360,PID50360,0,0.2197,Low
CLM100361,PID50361,0,0.0869,Low
CLM100362,PID50362,0,0.2646,Low
CLM100363,PID50363,0,0.162,Low
CLM100364,PID50364,0,0.1804,Low
CLM100365,PID50365,0,0.0744,Low
CLM100366,PID50366,0,0.1271,Low
CLM100367,PID50367,0,0.1236,Low
CLM100368,PID50368,0,0.1026,Low
CLM100369,PID50369,0,0.1523,Low
CLM100370,PID50370,0,0.1477,Low
CLM100371,PID50371,0,0.1957,Low
CLM100372,PID50372,0,0.084,Low
CLM100373,PID50373,0,0.2223,Low
CLM100374,PID50374,0,0.001,Low
CLM100375,PID50375,0,0.1045,Low
CLM100376,PID50376,0,0.096,Low
CLM100377,PID50377,0,0.1378,Low
CLM100378,PID50378,0,0.2378,Low
CLM100379,PID50379,0,0.1392,Low
CLM100380,PID50380,0,0.094,Low
CLM100381,PID50381,0,0.1754,Low
CLM100382,PID50382,0,0.1731,Low
CLM100383,PID50383,0,0.1801,Low
CLM100384,PID50384,0,0.1754,Low
CLM100385,PID50385,0,0.1566,Low
CLM100386,PID50386,0,0.0885,Low
CLM100387,PID50387,0,0.2145,Low
CLM100388,PID50388,0,0.2194,Low
CLM100389,PID50389,0,0.1477,Low
CLM100390,PID50390,0,0.1732,Low
CLM100391,PID50391,0,0.1968,Low
CLM100392,PID50392,0,0.1325,Low
CLM100393,PID50393,0,0.2113,Low
CLM100394,PID50394,0,0.0914,Low
CLM100395,PID50395,0,0.1219,Low
CLM100396,PID50396,0,0.3123,Low
CLM100397,PID50397,0,0.1698,Low
CLM100398,PID50398,0,0.3814,Low
CLM100399,PID50399,0,0.1472,Low
CLM100400,PID50400,1,0.6151,Medium
CLM100401,PID50401,0,0.2273,Low
CLM100402,PID50402,0,0.179,Low
CLM100403,PID50403,0,0.1432,Low
CLM100404,PID50404,0,0.149,Low
CLM100405,PID50405,0,0.1243,Low
CLM100406,PID50406,0,0.1568,Low
CLM100407,PID50407,0,0.0554,Low
CLM100408,PID50408,0,0.1738,Low
CLM100409,PID50409,0,0.2475,Low
CLM100410,PID50410,0,0.2065,Low
CLM100411,PID50411,0,0.3109,Low
CLM100412,PID50412,0,0.4281,Low
CLM100413,PID50413,0,0.1384,Low
CLM100414,PID50414,0,0.1956,Low
CLM100415,PID50415,0,0.2134,Low
CLM100416,PID50416,0,0.2043,Low
CLM100417,PID50417,0,0.0692,Low
CLM100418,PID50418,0,0.1578,Low
CLM100419,PID50419,0,0.069,Low
CLM100420,PID50420,0,0.1535,Low
CLM100421,PID50421,0,0.2087,Low
CLM100422,PID50422,0,0.0611,Low
CLM100423,PID50423,0,0.2006,Low
CLM100424,PID50424,0,0.0946,Low
CLM100425,PID50425,1,0.588,Medium
CLM100426,PID50426,0,0.3113,Low
CLM100427,PID50427,0,0.0831,Low
CLM100428,PID50428,0,0.2376,Low
CLM100429,PID50429,0,0.229,Low
CLM100430,PID50430,0,0.145,Low
CLM100431,PID50431,0,0.1314,Low
CLM100432,PID50432,0,0.1495,Low
CLM100433,PID50433,0,0.0995,Low
CLM100434,PID50434,0,0.2141,Low
CLM100435,PID50435,0,0.1332,Low
CLM100436,PID50436,0,0.1288,Low
CLM100437,PID50437,0,0.1425,Low
CLM100438,PID50438,0,0.1758,Low
CLM100439,PID50439,0,0.2203,Low
CLM100440,PID50440,0,0.1368,Low
CLM100441,PID50441,0,0.1483,Low
CLM100442,PID50442,0,0.2947,Low
CLM100443,PID50443,0,0.1375,Low
CLM100444,PID50444,0,0.0916,Low
CLM100445,PID50445,0,0.1279,Low
CLM100446,PID50446,0,0.0784,Low
CLM100447,PID50447,0,0.1308,Low
CLM100448,PID50448,0,0.1385,Low
CLM100449,PID50449,0,0.15,Low
CLM100450,PID50450,0,0.0639,Low
CLM100451,PID50451,0,0.1859,Low
CLM100452,PID50452,0,0.2223,Low
CLM100453,PID50453,0,0.0734,Low
CLM100454,PID50454,0,0.154,Low
CLM100455,PID50455,0,0.2649,Low
CLM100456,PID50456,0,0.1456,Low
CLM100457,PID50457,0,0.118,Low
CLM100458,PID50458,0,0.2794,Low
CLM100459,PID50459,0,0.3727,Low
CLM100460,PID50460,0,0.139,Low
CLM100461,PID50461,0,0.337,Low
CLM100462,PID50462,0,0.0695,Low
CLM100463,PID50463,0,0.1387,Low
CLM100464,PID50464,0,0.27,Low
CLM100465,PID50465,0,0.1536,Low
CLM100466,PID50466,0,0.1231,Low
CLM100467,PID50467,0,0.0209,Low
CLM100468,PID50468,0,0.1813,Low
CLM100469,PID50469,0,0.1756,Low
CLM100470,PID50470,0,0.2921,Low
CLM100471,PID50471,0,0.0694,Low
CLM100472,PID50472,0,0.1873,Low
CLM100473,PID50473,0,0.1145,Low
CLM100474,PID50474,0,0.1921,Low
CLM100475,PID50475,0,0.2522,Low
CLM100476,PID50476,0,0.0104,Low
CLM100477,PID50477,0,0.0714,Low
CLM100478,PID50478,0,0.3573,Low
CLM100479,PID50479,0,0.2038,Low
CLM100480,PID50480,0,0.0334,Low
CLM100481,PID50481,0,0.147,Low
CLM100482,PID50482,0,0.099,Low
CLM100483,PID50483,0,0.105,Low
CLM100484,PID50484,0,0.2276,Low
CLM100485,PID50485,0,0.1979,Low
CLM100486,PID50486,0,0.1247,Low
CLM100487,PID50487,0,0.0614,Low
CLM100488,PID50488,0,0.1982,Low
CLM100489,PID50489,0,0.1762,Low
CLM100490,PID50490,0,0.1082,Low
CLM100491,PID50491,0,0.194,Low
CLM100492,PID50492,0,0.19,Low
CLM100493,PID50493,0,0.263,Low
CLM100494,PID50494,0,0.17,Low
CLM100495,PID50495,0,0.199,Low
CLM100496,PID50496,0,0.2531,Low
CLM100497,PID50497,0,0.1542,Low
CLM100498,PID50498,0,0.2752,Low
CLM100499,PID50499,0,0.093,Low
CLM100500,PID50500,0,0.1039,Low
CLM100501,PID50501,0,0.106,Low
CLM100502,PID50502,0,0.1485,Low
CLM100503,PID50503,0,0.1473,Low
CLM100504,PID50504,0,0.2874,Low
CLM100505,PID50505,0,0.2118,Low
CLM100506,PID50506,0,0.2045,Low
CLM100507,PID50507,0,0.1578,Low
CLM100508,PID50508,0,0.1309,Low
CLM100509,PID50509,0,0.0713,Low
CLM100510,PID50510,0,0.3335,Low
CLM100511,PID50511,0,0.2474,Low
CLM100512,PID50512,0,0.1582,Low
CLM100513,PID50513,0,0.0761,Low
CLM100514,PID50514,0,0.1802,Low
CLM100515,PID50515,0,0.1544,Low
CLM100516,PID50516,0,0.1151,Low
CLM100517,PID50517,0,0.0829,Low
CLM100518,PID50518,0,0.1906,Low
CLM100519,PID50519,0,0.4818,Low
CLM100520,PID50520,0,0.2126,Low
CLM100521,PID50521,0,0.0341,Low
CLM100522,PID50522,0,0.1333,Low
CLM100523,PID50523,0,0.274,Low
CLM100524,PID50524,0,0.1374,Low
CLM100525,PID50525,0,0.2467,Low
CLM100526,PID50526,0,0.2739,Low
CLM100527,PID50527,0,0.0582,Low
CLM100528,PID50528,0,0.1414,Low
CLM100529,PID50529,0,0.0834,Low
CLM100530,PID50530,0,0.1349,Low
CLM100531,PID50531,0,0.2535,Low
CLM100532,PID50532,0,0.2766,Low
CLM100533,PID50533,0,0.094,Low
CLM100534,PID50534,0,0.1442,Low
CLM100535,PID50535,0,0.2582,Low
CLM100536,PID50536,0,0.1662,Low
CLM100537,PID50537,0,0.1464,Low
CLM100538,PID50538,0,0.0969,Low
CLM100539,PID50539,0,0.2628,Low
CLM100540,PID50540,0,0.2488,Low
CLM100541,PID50541,0,0.1951,Low
CLM100542,PID50542,0,0.1765,Low
CLM100543,PID50543,0,0.1554,Low
CLM100544,PID50544,0,0.1961,Low
CLM100545,PID50545,0,0.209,Low
CLM100546,PID50546,0,0.117,Low
CLM100547,PID50547,0,0.0933,Low
CLM100548,PID50548,0,0.2139,Low
CLM100549,PID50549,0,0.1393,Low
CLM100550,PID50550,0,0.1273,Low
CLM100551,PID50551,0,0.1727,Low
CLM100552,PID50552,0,0.1554,Low
CLM100553,PID50553,0,0.1193,Low
CLM100554,PID50554,0,0.148,Low
CLM100555,PID50555,0,0.1553,Low
CLM100556,PID50556,0,0.0886,Low
CLM100557,PID50557,0,0.1815,Low
CLM100558,PID50558,0,0.1184,Low
CLM100559,PID50559,0,0.0549,Low
CLM100560,PID50560,0,0.2912,Low
CLM100561,PID50561,0,0.3017,Low
CLM100562,PID50562,0,0.1227,Low
CLM100563,PID50563,0,0.1794,Low
CLM100564,PID50564,0,0.1423,Low
CLM100565,PID50565,0,0.0667,Low
CLM100566,PID50566,0,0.1421,Low
CLM100567,PID50567,0,0.2227,Low
CLM100568,PID50568,0,0.1852,Low
CLM100569,PID50569,0,0.305,Low
CLM100570,PID50570,0,0.1805,Low
CLM100571,PID50571,0,0.129,Low
CLM100572,PID50572,0,0.1544,Low
CLM100573,PID50573,0,0.3874,Low
CLM100574,PID50574,0,0.2108,Low
CLM100575,PID50575,0,0.1595,Low
CLM100576,PID50576,0,0.077,Low
CLM100577,PID50577,0,0.2216,Low
CLM100578,PID50578,0,0.1122,Low
CLM100579,PID50579,0,0.2167,Low
CLM100580,PID50580,0,0.1537,Low
CLM100581,PID50581,0,0.1233,Low
CLM100582,PID50582,0,0.1986,Low
CLM100583,PID50583,0,0.1355,Low
CLM100584,PID50584,0,0.1495,Low
CLM100585,PID50585,0,0.1361,Low
CLM100586,PID50586,0,0.1706,Low
CLM100587,PID50587,0,0.1385,Low
CLM100588,PID50588,0,0.1567,Low
CLM100589,PID50589,0,0.1215,Low
CLM100590,PID50590,0,0.2097,Low
CLM100591,PID50591,0,0.1421,Low
CLM100592,PID50592,0,0.1455,Low
CLM100593,PID50593,0,0.1283,Low
CLM100594,PID50594,0,0.1083,Low
CLM100595,PID50595,0,0.1629,Low
CLM100596,PID50596,0,0.1585,Low
CLM100597,PID50597,0,0.1934,Low
CLM100598,PID50598,0,0.1445,Low
CLM100599,PID50599,0,0.1831,Low
CLM100600,PID50600,0,0.1513,Low
CLM100601,PID50601,0,0.22,Low
CLM100602,PID50602,0,0.1111,Low
CLM100603,PID50603,0,0.0537,Low
CLM100604,PID50604,0,0.1551,Low
CLM100605,PID50605,0,0.2021,Low
CLM100606,PID50606,0,0.1191,Low
CLM100607,PID50607,0,0.1092,Low
CLM100608,PID50608,0,0.1227,Low
CLM100609,PID50609,0,0.1097,Low
CLM100610,PID50610,0,0.2395,Low
CLM100611,PID50611,0,0.157,Low
CLM100612,PID50612,0,0.1349,Low
CLM100613,PID50613,0,0.208,Low
CLM100614,PID50614,0,0.2734,Low
CLM100615,PID50615,0,0.123,Low
CLM100616,PID50616,0,0.2334,Low
CLM100617,PID50617,0,0.1655,Low
CLM100618,PID50618,0,0.169,Low
CLM100619,PID50619,0,0.1092,Low
CLM100620,PID50620,0,0.1892,Low
CLM100621,PID50621,0,0.2392,Low
CLM100622,PID50622,0,0.1661,Low
CLM100623,PID50623,0,0.1073,Low
CLM100624,PID50624,0,0.259,Low
CLM100625,PID50625,0,0.2231,Low
CLM100626,PID50626,0,0.1182,Low
CLM100627,PID50627,0,0.2495,Low
CLM100628,PID50628,0,0.2775,Low
CLM100629,PID50629,0,0.1517,Low
CLM100630,PID50630,0,0.1497,Low
CLM100631,PID50631,0,0.2291,Low
CLM100632,PID50632,0,0.1914,Low
CLM100633,PID50633,0,0.2659,Low
CLM100634,PID50634,0,0.202,Low
CLM100635,PID50635,0,0.1664,Low
CLM100636,PID50636,0,0.0845,Low
CLM100637,PID50637,0,0.101,Low
CLM100638,PID50638,0,0.1374,Low
CLM100639,PID50639,0,0.1837,Low
CLM100640,PID50640,0,0.3205,Low
CLM100641,PID50641,0,0.1021,Low
CLM100642,PID50642,0,0.2018,Low
CLM100643,PID50643,0,0.2226,Low
CLM100644,PID50644,0,0.2266,Low
CLM100645,PID50645,0,0.2211,Low
CLM100646,PID50646,0,0.2098,Low
CLM100647,PID50647,0,0.3061,Low
CLM100648,PID50648,0,0.0654,Low
CLM100649,PID50649,0,0.0942,Low
CLM100650,PID50650,0,0.1156,Low
CLM100651,PID50651,0,0.2462,Low
CLM100652,PID50652,0,0.0837,Low
CLM100653,PID50653,0,0.0814,Low
CLM100654,PID50654,0,0.1792,Low
CLM100655,PID50655,0,0.2349,Low
CLM100656,PID50656,0,0.1772,Low
CLM100657,PID50657,0,0.1522,Low
CLM100658,PID50658,0,0.2233,Low
CLM100659,PID50659,0,0.1613,Low
CLM100660,PID50660,0,0.2944,Low
CLM100661,PID50661,0,0.1308,Low
CLM100662,PID50662,0,0.0908,Low
CLM100663,PID50663,0,0.1298,Low
CLM100664,PID50664,0,0.1996,Low
CLM100665,PID50665,0,0.1667,Low
CLM100666,PID50666,0,0.1281,Low
CLM100667,PID50667,0,0.1346,Low
CLM100668,PID50668,0,0.047,Low
CLM100669,PID50669,0,0.0646,Low
CLM100670,PID50670,0,0.3226,Low
CLM100671,PID50671,0,0.1007,Low
CLM100672,PID50672,0,0.1569,Low
CLM100673,PID50673,0,0.1194,Low
CLM100674,PID50674,0,0.136,Low
CLM100675,PID50675,0,0.0689,Low
CLM100676,PID50676,0,0.2335,Low
CLM100677,PID50677,0,0.2947,Low
CLM100678,PID50678,0,0.001,Low
CLM100679,PID50679,0,0.1711,Low
CLM100680,PID50680,0,0.0475,Low
CLM100681,PID50681,0,0.1383,Low
CLM100682,PID50682,0,0.0743,Low
CLM100683,PID50683,0,0.0318,Low
CLM100684,PID50684,0,0.1514,Low
CLM100685,PID50685,0,0.2303,Low
CLM100686,PID50686,0,0.218,Low
CLM100687,PID50687,0,0.274,Low
CLM100688,PID50688,0,0.1873,Low
CLM100689,PID50689,0,0.0982,Low
CLM100690,PID50690,0,0.0687,Low
CLM100691,PID50691,0,0.0913,Low
CLM100692,PID50692,0,0.1264,Low
CLM100693,PID50693,0,0.1411,Low
CLM100694,PID50694,0,0.1306,Low
CLM100695,PID50695,0,0.1639,Low
CLM100696,PID50696,0,0.2463,Low
CLM100697,PID50697,0,0.2206,Low
CLM100698,PID50698,0,0.0969,Low
CLM100699,PID50699,0,0.1393,Low
CLM100700,PID50700,0,0.1729,Low
CLM100701,PID50701,0,0.0471,Low
CLM100702,PID50702,0,0.3549,Low
CLM100703,PID50703,0,0.0991,Low
CLM100704,PID50704,0,0.0707,Low
CLM100705,PID50705,0,0.3174,Low
CLM100706,PID50706,0,0.164,Low
CLM100707,PID50707,0,0.1583,Low
CLM100708,PID50708,0,0.2936,Low
CLM100709,PID50709,0,0.1502,Low
CLM100710,PID50710,0,0.206,Low
CLM100711,PID50711,0,0.1544,Low
CLM100712,PID50712,0,0.001,Low
CLM100713,PID50713,0,0.2351,Low
CLM100714,PID50714,0,0.1785,Low
CLM100715,PID50715,0,0.0862,Low
CLM100716,PID50716,0,0.0887,Low
CLM100717,PID50717,0,0.1664,Low
CLM100718,PID50718,0,0.2659,Low
CLM100719,PID50719,0,0.1444,Low
CLM100720,PID50720,0,0.0489,Low
CLM100721,PID50721,0,0.1658,Low
CLM100722,PID50722,0,0.1298,Low
CLM100723,PID50723,0,0.1836,Low
CLM100724,PID50724,0,0.1035,Low
CLM100725,PID50725,0,0.2714,Low
CLM100726,PID50726,0,0.1157,Low
CLM100727,PID50727,0,0.0644,Low
CLM100728,PID50728,0,0.1937,Low
CLM100729,PID50729,0,0.2644,Low
CLM100730,PID50730,0,0.232,Low
CLM100731,PID50731,0,0.0637,Low
CLM100732,PID50732,0,0.0689,Low
CLM100733,PID50733,0,0.2055,Low
CLM100734,PID50734,0,0.091,Low
CLM100735,PID50735,0,0.1872,Low
CLM100736,PID50736,0,0.1018,Low
CLM100737,PID50737,0,0.3435,Low
CLM100738,PID50738,0,0.116,Low
CLM100739,PID50739,0,0.3974,Low
CLM100740,PID50740,0,0.1011,Low
CLM100741,PID50741,0,0.1045,Low
CLM100742,PID50742,0,0.213,Low
CLM100743,PID50743,0,0.1456,Low
CLM100744,PID50744,0,0.2126,Low
CLM100745,PID50745,0,0.3217,Low
CLM100746,PID50746,0,0.1687,Low
CLM100747,PID50747,0,0.107,Low
CLM100748,PID50748,0,0.1628,Low
CLM100749,PID50749,0,0.1985,Low
CLM100750,PID50750,0,0.0833,Low
CLM100751,PID50751,0,0.1053,Low
CLM100752,PID50752,0,0.1557,Low
CLM100753,PID50753,0,0.1242,Low
CLM100754,PID50754,0,0.062,Low
CLM100755,PID50755,0,0.248,Low
CLM100756,PID50756,0,0.3436,Low
CLM100757,PID50757,0,0.163,Low
CLM100758,PID50758,0,0.1629,Low
CLM100759,PID50759,0,0.2404,Low
CLM100760,PID50760,0,0.1342,Low
CLM100761,PID50761,0,0.1866,Low
CLM100762,PID50762,0,0.2144,Low
CLM100763,PID50763,0,0.2067,Low
CLM100764,PID50764,0,0.2295,Low
CLM100765,PID50765,0,0.187,Low
CLM100766,PID50766,0,0.1427,Low
CLM100767,PID50767,0,0.1276,Low
CLM100768,PID50768,0,0.1431,Low
CLM100769,PID50769,0,0.231,Low
CLM100770,PID50770,0,0.0914,Low
CLM100771,PID50771,0,0.0981,Low
CLM100772,PID50772,0,0.2046,Low
CLM100773,PID50773,0,0.1556,Low
CLM100774,PID50774,0,0.1252,Low
CLM100775,PID50775,0,0.2222,Low
CLM100776,PID50776,0,0.2648,Low
CLM100777,PID50777,0,0.2281,Low
CLM100778,PID50778,0,0.2002,Low
CLM100779,PID50779,0,0.3596,Low
CLM100780,PID50780,0,0.1059,Low
CLM100781,PID50781,0,0.1552,Low
CLM100782,PID50782,0,0.1336,Low
CLM100783,PID50783,0,0.1963,Low
CLM100784,PID50784,0,0.1216,Low
CLM100785,PID50785,0,0.1515,Low
CLM100786,PID50786,0,0.1186,Low
CLM100787,PID50787,0,0.1845,Low
CLM100788,PID50788,0,0.3277,Low
CLM100789,PID50789,0,0.2298,Low
CLM100790,PID50790,0,0.1251,Low
CLM100791,PID50791,0,0.1276,Low
CLM100792,PID50792,0,0.2072,Low
CLM100793,PID50793,0,0.076,Low
CLM100794,PID50794,0,0.2398,Low
CLM100795,PID50795,0,0.3543,Low
CLM100796,PID50796,0,0.1476,Low
CLM100797,PID50797,0,0.1152,Low
CLM100798,PID50798,0,0.1433,Low
CLM100799,PID50799,0,0.2561,Low
CLM100800,PID50800,0,0.3319,Low
CLM100801,PID50801,0,0.1878,Low
CLM100802,PID50802,0,0.1478,Low
CLM100803,PID50803,0,0.0358,Low
CLM100804,PID50804,0,0.1867,Low
CLM100805,PID50805,0,0.3065,Low
CLM100806,PID50806,0,0.0814,Low
CLM100807,PID50807,0,0.2506,Low
CLM100808,PID50808,0,0.2026,Low
CLM100809,PID50809,0,0.1529,Low
CLM100810,PID50810,0,0.2361,Low
CLM100811,PID50811,0,0.2365,Low
CLM100812,PID50812,0,0.1027,Low
CLM100813,PID50813,0,0.2077,Low
CLM100814,PID50814,0,0.2349,Low
CLM100815,PID50815,0,0.1667,Low
CLM100816,PID50816,0,0.1654,Low
CLM100817,PID50817,0,0.2062,Low
CLM100818,PID50818,0,0.1243,Low
CLM100819,PID50819,0,0.2595,Low
CLM100820,PID50820,0,0.1363,Low
CLM100821,PID50821,0,0.1157,Low
CLM100822,PID50822,0,0.2745,Low
CLM100823,PID50823,0,0.1237,Low
CLM100824,PID50824,0,0.2426,Low
CLM100825,PID50825,0,0.1567,Low
CLM100826,PID50826,0,0.2443,Low
CLM100827,PID50827,0,0.0806,Low
CLM100828,PID50828,0,0.2301,Low
CLM100829,PID50829,0,0.1016,Low
CLM100830,PID50830,0,0.1571,Low
CLM100831,PID50831,0,0.3001,Low
CLM100832,PID50832,0,0.1544,Low
CLM100833,PID50833,0,0.0615,Low
CLM100834,PID50834,0,0.2057,Low
CLM100835,PID50835,0,0.1874,Low
CLM100836,PID50836,0,0.1966,Low
CLM100837,PID50837,0,0.0599,Low
CLM100838,PID50838,0,0.0597,Low
CLM100839,PID50839,0,0.1263,Low
CLM100840,PID50840,0,0.3188,Low
CLM100841,PID50841,0,0.1229,Low
CLM100842,PID50842,0,0.0923,Low
CLM100843,PID50843,0,0.2319,Low
CLM100844,PID50844,0,0.1377,Low
CLM100845,PID50845,0,0.1416,Low
CLM100846,PID50846,0,0.1295,Low
CLM100847,PID50847,0,0.1582,Low
CLM100848,PID50848,0,0.1445,Low
CLM100849,PID50849,0,0.1871,Low
CLM100850,PID50850,0,0.1134,Low
CLM100851,PID50851,0,0.1989,Low
CLM100852,PID50852,0,0.039,Low
CLM100853,PID50853,0,0.1824,Low
CLM100854,PID50854,0,0.1088,Low
CLM100855,PID50855,0,0.0602,Low
CLM100856,PID50856,0,0.2156,Low
CLM100857,PID50857,0,0.239,Low
CLM100858,PID50858,0,0.2204,Low
CLM100859,PID50859,0,0.1599,Low
CLM100860,PID50860,0,0.1139,Low
CLM100861,PID50861,0,0.0421,Low
CLM100862,PID50862,0,0.1168,Low
CLM100863,PID50863,0,0.2018,Low
CLM100864,PID50864,0,0.1002,Low
CLM100865,PID50865,0,0.1478,Low
CLM100866,PID50866,0,0.0803,Low
CLM100867,PID50867,0,0.182,Low
CLM100868,PID50868,0,0.2567,Low
CLM100869,PID50869,0,0.1705,Low
CLM100870,PID50870,0,0.0513,Low
CLM100871,PID50871,0,0.1132,Low
CLM100872,PID50872,0,0.1281,Low
CLM100873,PID50873,0,0.1039,Low
CLM100874,PID50874,0,0.1248,Low
CLM100875,PID50875,0,0.0708,Low
CLM100876,PID50876,0,0.1192,Low
CLM100877,PID50877,0,0.1487,Low
CLM100878,PID50878,0,0.2088,Low
CLM100879,PID50879,0,0.2076,Low
CLM100880,PID50880,0,0.1665,Low
CLM100881,PID50881,0,0.3669,Low
CLM100882,PID50882,0,0.1771,Low
CLM100883,PID50883,0,0.2298,Low
CLM100884,PID50884,0,0.1896,Low
CLM100885,PID50885,0,0.286,Low
CLM100886,PID50886,0,0.1205,Low
CLM100887,PID50887,0,0.1396,Low
CLM100888,PID50888,0,0.2063,Low
CLM100889,PID50889,0,0.1121,Low
CLM100890,PID50890,0,0.3375,Low
CLM100891,PID50891,0,0.1343,Low
CLM100892,PID50892,0,0.2473,Low
CLM100893,PID50893,0,0.2036,Low
CLM100894,PID50894,0,0.1347,Low
CLM100895,PID50895,0,0.1118,Low
CLM100896,PID50896,0,0.2955,Low
CLM100897,PID50897,0,0.2564,Low
CLM100898,PID50898,0,0.2481,Low
CLM100899,PID50899,0,0.1965,Low
CLM100900,PID50900,0,0.0857,Low
CLM100901,PID50901,0,0.3022,Low
CLM100902,PID50902,0,0.1373,Low
CLM100903,PID50903,0,0.1926,Low
CLM100904,PID50904,0,0.11,Low
CLM100905,PID50905,0,0.3078,Low
CLM100906,PID50906,0,0.2088,Low
CLM100907,PID50907,0,0.3207,Low
CLM100908,PID50908,0,0.0956,Low
CLM100909,PID50909,0,0.113,Low
CLM100910,PID50910,0,0.1635,Low
CLM100911,PID50911,0,0.116,Low
CLM100912,PID50912,0,0.1677,Low
CLM100913,PID50913,0,0.1164,Low
CLM100914,PID50914,0,0.153,Low
CLM100915,PID50915,0,0.0682,Low
CLM100916,PID50916,0,0.1417,Low
CLM100917,PID50917,0,0.1153,Low
CLM100918,PID50918,0,0.1846,Low
CLM100919,PID50919,0,0.1871,Low
CLM100920,PID50920,0,0.1304,Low
CLM100921,PID50921,0,0.4482,Low
CLM100922,PID50922,0,0.1565,Low
CLM100923,PID50923,0,0.219,Low
CLM100924,PID50924,0,0.1136,Low
CLM100925,PID50925,0,0.2305,Low
CLM100926,PID50926,0,0.3243,Low
CLM100927,PID50927,0,0.1138,Low
CLM100928,PID50928,0,0.2412,Low
CLM100929,PID50929,0,0.0828,Low
CLM100930,PID50930,0,0.1532,Low
CLM100931,PID50931,0,0.1615,Low
CLM100932,PID50932,0,0.1408,Low
CLM100933,PID50933,0,0.1838,Low
CLM100934,PID50934,0,0.1996,Low
CLM100935,PID50935,0,0.2064,Low
CLM100936,PID50936,0,0.0624,Low
CLM100937,PID50937,0,0.1122,Low
CLM100938,PID50938,0,0.2741,Low
CLM100939,PID50939,0,0.1346,Low
CLM100940,PID50940,0,0.1145,Low
CLM100941,PID50941,0,0.3509,Low
CLM100942,PID50942,0,0.0415,Low
CLM100943,PID50943,0,0.0619,Low
CLM100944,PID50944,0,0.0846,Low
CLM100945,PID50945,0,0.1758,Low
CLM100946,PID50946,0,0.2101,Low
CLM100947,PID50947,0,0.2282,Low
CLM100948,PID50948,0,0.1402,Low
CLM100949,PID50949,0,0.1482,Low
CLM100950,PID50950,0,0.1758,Low
CLM100951,PID50951,0,0.159,Low
CLM100952,PID50952,0,0.1272,Low
CLM100953,PID50953,0,0.2339,Low
CLM100954,PID50954,0,0.1272,Low
CLM100955,PID50955,0,0.1937,Low
CLM100956,PID50956,0,0.1646,Low
CLM100957,PID50957,0,0.3194,Low
CLM100958,PID50958,0,0.272,Low
CLM100959,PID50959,0,0.0881,Low
CLM100960,PID50960,0,0.0759,Low
CLM100961,PID50961,0,0.1563,Low
CLM100962,PID50962,0,0.2323,Low
CLM100963,PID50963,0,0.3094,Low
CLM100964,PID50964,0,0.2245,Low
CLM100965,PID50965,0,0.1515,Low
CLM100966,PID50966,0,0.152,Low
CLM100967,PID50967,0,0.0825,Low
CLM100968,PID50968,0,0.2577,Low
CLM100969,PID50969,0,0.1499,Low
CLM100970,PID50970,0,0.2997,Low
CLM100971,PID50971,0,0.1062,Low
CLM100972,PID50972,0,0.1116,Low
CLM100973,PID50973,0,0.1039,Low
CLM100974,PID50974,0,0.1151,Low
CLM100975,PID50975,0,0.1176,Low
CLM100976,PID50976,0,0.1101,Low
CLM100977,PID50977,0,0.1518,Low
CLM100978,PID50978,0,0.3955,Low
CLM100979,PID50979,0,0.1938,Low
CLM100980,PID50980,0,0.0779,Low
CLM100981,PID50981,0,0.0685,Low
CLM100982,PID50982,0,0.2072,Low
CLM100983,PID50983,0,0.2498,Low
CLM100984,PID50984,0,0.0935,Low
CLM100985,PID50985,0,0.1987,Low
CLM100986,PID50986,0,0.127,Low
CLM100987,PID50987,0,0.074,Low
CLM100988,PID50988,0,0.1314,Low
CLM100989,PID50989,0,0.4103,Low
CLM100990,PID50990,0,0.142,Low
CLM100991,PID50991,0,0.1307,Low
CLM100992,PID50992,0,0.1439,Low
CLM100993,PID50993,0,0.0951,Low
CLM100994,PID50994,0,0.1337,Low
CLM100995,PID50995,0,0.0793,Low
CLM100996,PID50996,0,0.1988,Low
CLM100997,PID50997,0,0.1233,Low
CLM100998,PID50998,0,0.1001,Low
CLM100999,PID50999,0,0.1834,Low
CLM101000,PID51000,0,0.2028,Low
CLM101001,PID51001,0,0.1976,Low
CLM101002,PID51002,0,0.1486,Low
CLM101003,PID51003,0,0.28,Low
CLM101004,PID51004,0,0.0995,Low
CLM101005,PID51005,0,0.0791,Low
CLM101006,PID51006,0,0.2913,Low
CLM101007,PID51007,0,0.2641,Low
CLM101008,PID51008,0,0.3304,Low
CLM101009,PID51009,0,0.1831,Low
CLM101010,PID51010,0,0.1509,Low
CLM101011,PID51011,0,0.2449,Low
CLM101012,PID51012,0,0.1758,Low
CLM101013,PID51013,0,0.1537,Low
CLM101014,PID51014,0,0.195,Low
CLM101015,PID51015,0,0.1223,Low
CLM101016,PID51016,0,0.1451,Low
CLM101017,PID51017,0,0.078,Low
CLM101018,PID51018,0,0.1555,Low
CLM101019,PID51019,0,0.0841,Low
CLM101020,PID51020,0,0.128,Low
CLM101021,PID51021,0,0.1531,Low
CLM101022,PID51022,0,0.2354,Low
CLM101023,PID51023,0,0.21,Low
CLM101024,PID51024,0,0.1283,Low
CLM101025,PID51025,0,0.1136,Low
CLM101026,PID51026,0,0.219,Low
CLM101027,PID51027,0,0.0501,Low
CLM101028,PID51028,0,0.0248,Low
CLM101029,PID51029,0,0.2097,Low
CLM101030,PID51030,0,0.1491,Low
CLM101031,PID51031,0,0.2163,Low
CLM101032,PID51032,0,0.1644,Low
CLM101033,PID51033,0,0.1793,Low
CLM101034,PID51034,0,0.0638,Low
CLM101035,PID51035,0,0.099,Low
CLM101036,PID51036,0,0.2586,Low
CLM101037,PID51037,0,0.1916,Low
CLM101038,PID51038,0,0.1896,Low
CLM101039,PID51039,0,0.1407,Low
CLM101040,PID51040,0,0.1855,Low
CLM101041,PID51041,0,0.3216,Low
CLM101042,PID51042,0,0.2757,Low
CLM101043,PID51043,0,0.329,Low
CLM101044,PID51044,0,0.0829,Low
CLM101045,PID51045,0,0.1547,Low
CLM101046,PID51046,0,0.0677,Low
CLM101047,PID51047,0,0.2362,Low
CLM101048,PID51048,0,0.0805,Low
CLM101049,PID51049,0,0.1917,Low
CLM101050,PID51050,0,0.1259,Low
CLM101051,PID51051,0,0.2048,Low
CLM101052,PID51052,0,0.2033,Low
CLM101053,PID51053,0,0.21,Low
CLM101054,PID51054,0,0.1267,Low
CLM101055,PID51055,0,0.1607,Low
CLM101056,PID51056,0,0.2085,Low
CLM101057,PID51057,0,0.1347,Low
CLM101058,PID51058,0,0.3874,Low
CLM101059,PID51059,0,0.2603,Low
CLM101060,PID51060,0,0.1221,Low
CLM101061,PID51061,0,0.171,Low
CLM101062,PID51062,0,0.2365,Low
CLM101063,PID51063,0,0.2068,Low
CLM101064,PID51064,0,0.2776,Low
CLM101065,PID51065,0,0.2203,Low
CLM101066,PID51066,0,0.0471,Low
CLM101067,PID51067,0,0.2021,Low
CLM101068,PID51068,0,0.2771,Low
CLM101069,PID51069,0,0.1491,Low
CLM101070,PID51070,0,0.0678,Low
CLM101071,PID51071,0,0.1351,Low
CLM101072,PID51072,0,0.1702,Low
CLM101073,PID51073,0,0.2998,Low
CLM101074,PID51074,0,0.1709,Low
CLM101075,PID51075,0,0.1844,Low
CLM101076,PID51076,0,0.2253,Low
CLM101077,PID51077,0,0.0769,Low
CLM101078,PID51078,0,0.2495,Low
CLM101079,PID51079,0,0.1707,Low
CLM101080,PID51080,0,0.09,Low
CLM101081,PID51081,0,0.1875,Low
CLM101082,PID51082,0,0.1565,Low
CLM101083,PID51083,0,0.2059,Low
CLM101084,PID51084,0,0.0499,Low
CLM101085,PID51085,0,0.2014,Low
CLM101086,PID51086,0,0.0656,Low
CLM101087,PID51087,0,0.2871,Low
CLM101088,PID51088,0,0.2957,Low
CLM101089,PID51089,0,0.1995,Low
CLM101090,PID51090,0,0.2065,Low
CLM101091,PID51091,0,0.2584,Low
CLM101092,PID51092,0,0.0979,Low
CLM101093,PID51093,0,0.1927,Low
CLM101094,PID51094,0,0.1619,Low
CLM101095,PID51095,0,0.1219,Low
CLM101096,PID51096,0,0.0583,Low
CLM101097,PID51097,0,0.2235,Low
CLM101098,PID51098,0,0.2606,Low
CLM101099,PID51099,0,0.0595,Low
CLM101100,PID51100,0,0.1832,Low
CLM101101,PID51101,0,0.2359,Low
CLM101102,PID51102,0,0.1899,Low
CLM101103,PID51103,0,0.1622,Low
CLM101104,PID51104,0,0.2919,Low
CLM101105,PID51105,0,0.1963,Low
CLM101106,PID51106,0,0.1787,Low
CLM101107,PID51107,0,0.2624,Low
CLM101108,PID51108,0,0.2468,Low
CLM101109,PID51109,0,0.1369,Low
CLM101110,PID51110,0,0.1381,Low
CLM101111,PID51111,0,0.1992,Low
CLM101112,PID51112,0,0.0729,Low
CLM101113,PID51113,0,0.1101,Low
CLM101114,PID51114,0,0.1452,Low
CLM101115,PID51115,0,0.2359,Low
CLM101116,PID51116,0,0.2689,Low
CLM101117,PID51117,0,0.2384,Low
CLM101118,PID51118,0,0.2127,Low
CLM101119,PID51119,0,0.0948,Low
CLM101120,PID51120,0,0.1359,Low
CLM101121,PID51121,0,0.169,Low
CLM101122,PID51122,0,0.1493,Low
CLM101123,PID51123,0,0.1438,Low
CLM101124,PID51124,0,0.1542,Low
CLM101125,PID51125,0,0.1308,Low
CLM101126,PID51126,0,0.1196,Low
CLM101127,PID51127,0,0.0289,Low
CLM101128,PID51128,0,0.2184,Low
CLM101129,PID51129,0,0.267,Low
CLM101130,PID51130,0,0.2263,Low
CLM101131,PID51131,0,0.1462,Low
CLM101132,PID51132,0,0.1126,Low
CLM101133,PID51133,0,0.2729,Low
CLM101134,PID51134,0,0.0657,Low
CLM101135,PID51135,0,0.0964,Low
CLM101136,PID51136,0,0.1007,Low
CLM101137,PID51137,0,0.3268,Low
CLM101138,PID51138,0,0.1516,Low
CLM101139,PID51139,0,0.114,Low
CLM101140,PID51140,0,0.1051,Low
CLM101141,PID51141,0,0.1383,Low
CLM101142,PID51142,0,0.2358,Low
CLM101143,PID51143,0,0.1275,Low
CLM101144,PID51144,0,0.2948,Low
CLM101145,PID51145,0,0.2176,Low
CLM101146,PID51146,0,0.3319,Low
CLM101147,PID51147,0,0.2136,Low
CLM101148,PID51148,0,0.2212,Low
CLM101149,PID51149,0,0.0763,Low
CLM101150,PID51150,0,0.2758,Low
CLM101151,PID51151,0,0.1436,Low
CLM101152,PID51152,0,0.1693,Low
CLM101153,PID51153,0,0.0607,Low
CLM101154,PID51154,0,0.1227,Low
CLM101155,PID51155,0,0.1398,Low
CLM101156,PID51156,0,0.1153,Low
CLM101157,PID51157,0,0.2023,Low
CLM101158,PID51158,0,0.1512,Low
CLM101159,PID51159,0,0.2096,Low
CLM101160,PID51160,0,0.3642,Low
CLM101161,PID51161,0,0.1276,Low
CLM101162,PID51162,0,0.4279,Low
CLM101163,PID51163,0,0.2343,Low
CLM101164,PID51164,0,0.1383,Low
CLM101165,PID51165,0,0.1719,Low
CLM101166,PID51166,0,0.2554,Low
CLM101167,PID51167,0,0.1448,Low
CLM101168,PID51168,0,0.1207,Low
CLM101169,PID51169,0,0.3096,Low
CLM101170,PID51170,0,0.1775,Low
CLM101171,PID51171,0,0.173,Low
CLM101172,PID51172,0,0.1179,Low
CLM101173,PID51173,0,0.125,Low
CLM101174,PID51174,0,0.2428,Low
CLM101175,PID51175,0,0.1987,Low
CLM101176,PID51176,0,0.2006,Low
CLM101177,PID51177,0,0.1067,Low
CLM101178,PID51178,0,0.1611,Low
CLM101179,PID51179,0,0.1596,Low
CLM101180,PID51180,0,0.1297,Low
CLM101181,PID51181,0,0.2577,Low
CLM101182,PID51182,0,0.0657,Low
CLM101183,PID51183,0,0.3167,Low
CLM101184,PID51184,0,0.2051,Low
CLM101185,PID51185,0,0.2169,Low
CLM101186,PID51186,0,0.2475,Low
CLM101187,PID51187,0,0.3454,Low
CLM101188,PID51188,0,0.1808,Low
CLM101189,PID51189,0,0.2504,Low
CLM101190,PID51190,0,0.1951,Low
CLM101191,PID51191,1,0.6314,Medium
CLM101192,PID51192,0,0.194,Low
CLM101193,PID51193,0,0.2161,Low
CLM101194,PID51194,0,0.0769,Low
CLM101195,PID51195,0,0.1794,Low
CLM101196,PID51196,0,0.1633,Low
CLM101197,PID51197,0,0.2021,Low
CLM101198,PID51198,0,0.0746,Low
CLM101199,PID51199,0,0.2465,Low
CLM101200,PID51200,0,0.1735,Low
CLM101201,PID51201,0,0.0945,Low
CLM101202,PID51202,0,0.0464,Low
CLM101203,PID51203,0,0.1881,Low
CLM101204,PID51204,0,0.13,Low
CLM101205,PID51205,0,0.0672,Low
CLM101206,PID51206,0,0.0765,Low
CLM101207,PID51207,0,0.1532,Low
CLM101208,PID51208,0,0.2283,Low
CLM101209,PID51209,0,0.1042,Low
CLM101210,PID51210,0,0.151,Low
CLM101211,PID51211,0,0.2751,Low
CLM101212,PID51212,0,0.1043,Low
CLM101213,PID51213,0,0.1389,Low
CLM101214,PID51214,0,0.1612,Low
CLM101215,PID51215,0,0.1422,Low
CLM101216,PID51216,0,0.2495,Low
CLM101217,PID51217,0,0.1063,Low
CLM101218,PID51218,0,0.1435,Low
CLM101219,PID51219,0,0.1279,Low
CLM101220,PID51220,0,0.001,Low
CLM101221,PID51221,0,0.2422,Low
CLM101222,PID51222,0,0.2299,Low
CLM101223,PID51223,0,0.2382,Low
CLM101224,PID51224,0,0.2919,Low
CLM101225,PID51225,0,0.1009,Low
CLM101226,PID51226,0,0.2682,Low
CLM101227,PID51227,0,0.3126,Low
CLM101228,PID51228,0,0.1619,Low
CLM101229,PID51229,0,0.2417,Low
CLM101230,PID51230,0,0.1034,Low
CLM101231,PID51231,0,0.1398,Low
CLM101232,PID51232,0,0.1933,Low
CLM101233,PID51233,0,0.0747,Low
CLM101234,PID51234,0,0.0404,Low
CLM101235,PID51235,0,0.1792,Low
CLM101236,PID51236,0,0.2228,Low
CLM101237,PID51237,0,0.2541,Low
CLM101238,PID51238,0,0.2786,Low
CLM101239,PID51239,0,0.1474,Low
CLM101240,PID51240,0,0.171,Low
CLM101241,PID51241,0,0.1272,Low
CLM101242,PID51242,0,0.179,Low
CLM101243,PID51243,0,0.2764,Low
CLM101244,PID51244,0,0.2186,Low
CLM101245,PID51245,0,0.1148,Low
CLM101246,PID51246,0,0.141,Low
CLM101247,PID51247,0,0.1542,Low
CLM101248,PID51248,0,0.1538,Low
CLM101249,PID51249,0,0.1696,Low
CLM101250,PID51250,0,0.2625,Low
CLM101251,PID51251,0,0.1813,Low
CLM101252,PID51252,0,0.1239,Low
CLM101253,PID51253,0,0.164,Low
CLM101254,PID51254,0,0.2737,Low
CLM101255,PID51255,0,0.2329,Low
CLM101256,PID51256,0,0.1525,Low
CLM101257,PID51257,0,0.1239,Low
CLM101258,PID51258,0,0.148,Low
CLM101259,PID51259,0,0.1806,Low
CLM101260,PID51260,0,0.1389,Low
CLM101261,PID51261,0,0.0947,Low
CLM101262,PID51262,0,0.1307,Low
CLM101263,PID51263,0,0.1405,Low
CLM101264,PID51264,0,0.054,Low
CLM101265,PID51265,0,0.1286,Low
CLM101266,PID51266,0,0.1537,Low
CLM101267,PID51267,0,0.1284,Low
CLM101268,PID51268,0,0.3585,Low
CLM101269,PID51269,0,0.1418,Low
CLM101270,PID51270,0,0.2096,Low
CLM101271,PID51271,0,0.2156,Low
CLM101272,PID51272,0,0.2021,Low
CLM101273,PID51273,0,0.1873,Low
CLM101274,PID51274,0,0.1286,Low
CLM101275,PID51275,0,0.1978,Low
CLM101276,PID51276,0,0.1444,Low
CLM101277,PID51277,0,0.1447,Low
CLM101278,PID51278,0,0.2999,Low
CLM101279,PID51279,0,0.1157,Low
CLM101280,PID51280,0,0.229,Low
CLM101281,PID51281,0,0.2803,Low
CLM101282,PID51282,0,0.2994,Low
CLM101283,PID51283,0,0.1008,Low
CLM101284,PID51284,0,0.1265,Low
CLM101285,PID51285,0,0.1841,Low
CLM101286,PID51286,0,0.0686,Low
CLM101287,PID51287,0,0.2763,Low
CLM101288,PID51288,0,0.1279,Low
CLM101289,PID51289,0,0.0225,Low
CLM101290,PID51290,0,0.1031,Low
CLM101291,PID51291,0,0.1918,Low
CLM101292,PID51292,0,0.1283,Low
CLM101293,PID51293,0,0.2768,Low
CLM101294,PID51294,0,0.2075,Low
CLM101295,PID51295,0,0.1455,Low
CLM101296,PID51296,0,0.2283,Low
CLM101297,PID51297,0,0.0589,Low
CLM101298,PID51298,0,0.1712,Low
CLM101299,PID51299,0,0.2126,Low
CLM101300,PID51300,0,0.0877,Low
CLM101301,PID51301,0,0.0833,Low
CLM101302,PID51302,0,0.1589,Low
CLM101303,PID51303,0,0.018,Low
CLM101304,PID51304,0,0.0662,Low
CLM101305,PID51305,0,0.1511,Low
CLM101306,PID51306,0,0.1769,Low
CLM101307,PID51307,0,0.1885,Low
CLM101308,PID51308,0,0.1716,Low
CLM101309,PID51309,0,0.1344,Low
CLM101310,PID51310,0,0.2498,Low
CLM101311,PID51311,0,0.2888,Low
CLM101312,PID51312,0,0.1734,Low
CLM101313,PID51313,0,0.1534,Low
CLM101314,PID51314,0,0.1226,Low
CLM101315,PID51315,0,0.2026,Low
CLM101316,PID51316,0,0.4126,Low
CLM101317,PID51317,0,0.2702,Low
CLM101318,PID51318,0,0.1506,Low
CLM101319,PID51319,0,0.1802,Low
CLM101320,PID51320,0,0.1907,Low
CLM101321,PID51321,0,0.2704,Low
CLM101322,PID51322,0,0.1161,Low
CLM101323,PID51323,0,0.1933,Low
CLM101324,PID51324,0,0.2473,Low
CLM101325,PID51325,0,0.1816,Low
CLM101326,PID51326,0,0.1161,Low
CLM101327,PID51327,0,0.1845,Low
CLM101328,PID51328,0,0.1354,Low
CLM101329,PID51329,0,0.2919,Low
CLM101330,PID51330,0,0.2146,Low
CLM101331,PID51331,0,0.1092,Low
CLM101332,PID51332,0,0.1427,Low
CLM101333,PID51333,0,0.2013,Low
CLM101334,PID51334,0,0.1791,Low
CLM101335,PID51335,0,0.1571,Low
CLM101336,PID51336,0,0.0807,Low
CLM101337,PID51337,0,0.2473,Low
CLM101338,PID51338,0,0.173,Low
CLM101339,PID51339,0,0.2123,Low
CLM101340,PID51340,0,0.1794,Low
CLM101341,PID51341,0,0.1703,Low
CLM101342,PID51342,0,0.1042,Low
CLM101343,PID51343,0,0.1041,Low
CLM101344,PID51344,0,0.2034,Low
CLM101345,PID51345,0,0.1672,Low
CLM101346,PID51346,0,0.2646,Low
CLM101347,PID51347,0,0.1349,Low
CLM101348,PID51348,0,0.0787,Low
CLM101349,PID51349,0,0.2825,Low
CLM101350,PID51350,0,0.3278,Low
CLM101351,PID51351,0,0.0788,Low
CLM101352,PID51352,0,0.1018,Low
CLM101353,PID51353,0,0.2506,Low
CLM101354,PID51354,0,0.1496,Low
CLM101355,PID51355,0,0.1296,Low
CLM101356,PID51356,0,0.1954,Low
CLM101357,PID51357,0,0.2302,Low
CLM101358,PID51358,0,0.2542,Low
CLM101359,PID51359,0,0.1527,Low
CLM101360,PID51360,0,0.1091,Low
CLM101361,PID51361,0,0.0972,Low
CLM101362,PID51362,0,0.1073,Low
CLM101363,PID51363,0,0.1485,Low
CLM101364,PID51364,0,0.0924,Low
CLM101365,PID51365,0,0.1243,Low
CLM101366,PID51366,0,0.1616,Low
CLM101367,PID51367,0,0.0794,Low
CLM101368,PID51368,0,0.2843,Low
CLM101369,PID51369,0,0.3215,Low
CLM101370,PID51370,0,0.0569,Low
CLM101371,PID51371,0,0.3211,Low
CLM101372,PID51372,0,0.1206,Low
CLM101373,PID51373,0,0.2358,Low
CLM101374,PID51374,0,0.228,Low
CLM101375,PID51375,0,0.1003,Low
CLM101376,PID51376,0,0.2199,Low
CLM101377,PID51377,0,0.2924,Low
CLM101378,PID51378,0,0.1138,Low
CLM101379,PID51379,0,0.1318,Low
CLM101380,PID51380,0,0.0837,Low
CLM101381,PID51381,0,0.1104,Low
CLM101382,PID51382,0,0.1409,Low
CLM101383,PID51383,0,0.275,Low
CLM101384,PID51384,0,0.1242,Low
CLM101385,PID51385,0,0.2413,Low
CLM101386,PID51386,0,0.138,Low
CLM101387,PID51387,0,0.484,Low
CLM101388,PID51388,0,0.3069,Low
CLM101389,PID51389,0,0.0697,Low
CLM101390,PID51390,0,0.2465,Low
CLM101391,PID51391,0,0.1363,Low
CLM101392,PID51392,0,0.2495,Low
CLM101393,PID51393,0,0.2698,Low
CLM101394,PID51394,0,0.2302,Low
CLM101395,PID51395,0,0.3781,Low
CLM101396,PID51396,0,0.1752,Low
CLM101397,PID51397,0,0.2025,Low
CLM101398,PID51398,0,0.2047,Low
CLM101399,PID51399,0,0.1385,Low
CLM101400,PID51400,0,0.0691,Low
CLM101401,PID51401,0,0.1681,Low
CLM101402,PID51402,0,0.2438,Low
CLM101403,PID51403,0,0.2284,Low
CLM101404,PID51404,0,0.0378,Low
CLM101405,PID51405,0,0.1145,Low
CLM101406,PID51406,0,0.2063,Low
CLM101407,PID51407,0,0.2872,Low
CLM101408,PID51408,0,0.2605,Low
CLM101409,PID51409,0,0.2034,Low
CLM101410,PID51410,0,0.1627,Low
CLM101411,PID51411,0,0.1925,Low
CLM101412,PID51412,0,0.1398,Low
CLM101413,PID51413,0,0.1271,Low
CLM101414,PID51414,0,0.1312,Low
CLM101415,PID51415,0,0.2362,Low
CLM101416,PID51416,0,0.2095,Low
CLM101417,PID51417,0,0.1232,Low
CLM101418,PID51418,0,0.1687,Low
CLM101419,PID51419,0,0.0845,Low
CLM101420,PID51420,0,0.1438,Low
CLM101421,PID51421,0,0.1691,Low
CLM101422,PID51422,0,0.4127,Low
CLM101423,PID51423,0,0.049,Low
CLM101424,PID51424,0,0.1598,Low
CLM101425,PID51425,0,0.1707,Low
CLM101426,PID51426,0,0.2512,Low
CLM101427,PID51427,0,0.1022,Low
CLM101428,PID51428,0,0.1905,Low
CLM101429,PID51429,0,0.1802,Low
CLM101430,PID51430,0,0.1792,Low
CLM101431,PID51431,0,0.2741,Low
CLM101432,PID51432,0,0.063,Low
CLM101433,PID51433,0,0.1734,Low
CLM101434,PID51434,0,0.1396,Low
CLM101435,PID51435,0,0.1429,Low
CLM101436,PID51436,0,0.1148,Low
CLM101437,PID51437,0,0.1234,Low
CLM101438,PID51438,0,0.1923,Low
CLM101439,PID51439,0,0.0906,Low
CLM101440,PID51440,0,0.0343,Low
CLM101441,PID51441,0,0.1921,Low
CLM101442,PID51442,0,0.0939,Low
CLM101443,PID51443,0,0.109,Low
CLM101444,PID51444,0,0.1776,Low
CLM101445,PID51445,0,0.0914,Low
CLM101446,PID51446,0,0.1529,Low
CLM101447,PID51447,0,0.2447,Low
CLM101448,PID51448,0,0.097,Low
CLM101449,PID51449,0,0.1645,Low
CLM101450,PID51450,1,0.5784,Medium
CLM101451,PID51451,0,0.1356,Low
CLM101452,PID51452,0,0.104,Low
CLM101453,PID51453,0,0.1725,Low
CLM101454,PID51454,0,0.1405,Low
CLM101455,PID51455,0,0.0278,Low
CLM101456,PID51456,0,0.158,Low
CLM101457,PID51457,0,0.149,Low
CLM101458,PID51458,0,0.178,Low
CLM101459,PID51459,0,0.1436,Low
CLM101460,PID51460,0,0.2455,Low
CLM101461,PID51461,0,0.4375,Low
CLM101462,PID51462,0,0.1246,Low
CLM101463,PID51463,0,0.0971,Low
CLM101464,PID51464,0,0.0817,Low
CLM101465,PID51465,0,0.4055,Low
CLM101466,PID51466,0,0.1848,Low
CLM101467,PID51467,0,0.2711,Low
CLM101468,PID51468,0,0.2894,Low
CLM101469,PID51469,0,0.1017,Low
CLM101470,PID51470,0,0.2461,Low
CLM101471,PID51471,0,0.1863,Low
CLM101472,PID51472,0,0.2433,Low
CLM101473,PID51473,0,0.3512,Low
CLM101474,PID51474,0,0.3155,Low
CLM101475,PID51475,0,0.2314,Low
CLM101476,PID51476,0,0.2409,Low
CLM101477,PID51477,0,0.2279,Low
CLM101478,PID51478,0,0.3332,Low
CLM101479,PID51479,0,0.1417,Low
CLM101480,PID51480,0,0.0851,Low
CLM101481,PID51481,0,0.1919,Low
CLM101482,PID51482,0,0.3057,Low
CLM101483,PID51483,0,0.1541,Low
CLM101484,PID51484,0,0.1971,Low
CLM101485,PID51485,0,0.1671,Low
CLM101486,PID51486,0,0.1452,Low
CLM101487,PID51487,0,0.0867,Low
CLM101488,PID51488,0,0.1166,Low
CLM101489,PID51489,0,0.3036,Low
CLM101490,PID51490,0,0.2024,Low
CLM101491,PID51491,0,0.304,Low
CLM101492,PID51492,0,0.1231,Low
CLM101493,PID51493,0,0.0935,Low
CLM101494,PID51494,0,0.0799,Low
CLM101495,PID51495,0,0.2323,Low
CLM101496,PID51496,0,0.0952,Low
CLM101497,PID51497,0,0.2244,Low
CLM101498,PID51498,0,0.2,Low
CLM101499,PID51499,0,0.1704,Low
CLM101500,PID51500,0,0.2336,Low
CLM101501,PID51501,0,0.1472,Low
CLM101502,PID51502,0,0.1611,Low
CLM101503,PID51503,0,0.1147,Low
CLM101504,PID51504,0,0.2032,Low
CLM101505,PID51505,0,0.1074,Low
CLM101506,PID51506,0,0.1646,Low
CLM101507,PID51507,0,0.1562,Low
CLM101508,PID51508,0,0.1555,Low
CLM101509,PID51509,0,0.1585,Low
CLM101510,PID51510,0,0.098,Low
CLM101511,PID51511,0,0.1333,Low
CLM101512,PID51512,0,0.2465,Low
CLM101513,PID51513,0,0.1293,Low
CLM101514,PID51514,0,0.1824,Low
CLM101515,PID51515,0,0.1736,Low
CLM101516,PID51516,0,0.1565,Low
CLM101517,PID51517,0,0.1471,Low
CLM101518,PID51518,0,0.0905,Low
CLM101519,PID51519,0,0.0921,Low
CLM101520,PID51520,0,0.2957,Low
CLM101521,PID51521,0,0.1368,Low
CLM101522,PID51522,0,0.1406,Low
CLM101523,PID51523,0,0.1648,Low
CLM101524,PID51524,0,0.0516,Low
CLM101525,PID51525,0,0.2288,Low
CLM101526,PID51526,0,0.1952,Low
CLM101527,PID51527,0,0.0886,Low
CLM101528,PID51528,0,0.1647,Low
CLM101529,PID51529,0,0.1518,Low
CLM101530,PID51530,0,0.1203,Low
CLM101531,PID51531,0,0.1536,Low
CLM101532,PID51532,0,0.1525,Low
CLM101533,PID51533,0,0.0619,Low
CLM101534,PID51534,0,0.1597,Low
CLM101535,PID51535,0,0.1453,Low
CLM101536,PID51536,0,0.2398,Low
CLM101537,PID51537,0,0.1449,Low
CLM101538,PID51538,0,0.1789,Low
CLM101539,PID51539,0,0.1614,Low
CLM101540,PID51540,0,0.1351,Low
CLM101541,PID51541,0,0.001,Low
CLM101542,PID51542,0,0.1212,Low
CLM101543,PID51543,0,0.0737,Low
CLM101544,PID51544,0,0.2412,Low
CLM101545,PID51545,0,0.3253,Low
CLM101546,PID51546,0,0.1793,Low
CLM101547,PID51547,0,0.2061,Low
CLM101548,PID51548,0,0.1364,Low
CLM101549,PID51549,0,0.2126,Low
CLM101550,PID51550,0,0.0893,Low
CLM101551,PID51551,0,0.1638,Low
CLM101552,PID51552,0,0.1356,Low
CLM101553,PID51553,0,0.1609,Low
CLM101554,PID51554,0,0.1378,Low
CLM101555,PID51555,0,0.2265,Low
CLM101556,PID51556,0,0.1803,Low
CLM101557,PID51557,0,0.1259,Low
CLM101558,PID51558,0,0.194,Low
CLM101559,PID51559,0,0.3277,Low
CLM101560,PID51560,0,0.189,Low
CLM101561,PID51561,0,0.0719,Low
CLM101562,PID51562,0,0.139,Low
CLM101563,PID51563,0,0.1544,Low
CLM101564,PID51564,0,0.0889,Low
CLM101565,PID51565,0,0.1403,Low
CLM101566,PID51566,0,0.3013,Low
CLM101567,PID51567,0,0.2362,Low
CLM101568,PID51568,0,0.0335,Low
CLM101569,PID51569,0,0.311,Low
CLM101570,PID51570,0,0.001,Low
CLM101571,PID51571,0,0.1555,Low
CLM101572,PID51572,0,0.0951,Low
CLM101573,PID51573,0,0.2915,Low
CLM101574,PID51574,0,0.1225,Low
CLM101575,PID51575,0,0.1161,Low
CLM101576,PID51576,0,0.1994,Low
CLM101577,PID51577,0,0.1559,Low
CLM101578,PID51578,0,0.0846,Low
CLM101579,PID51579,0,0.4207,Low
CLM101580,PID51580,0,0.1011,Low
CLM101581,PID51581,0,0.3202,Low
CLM101582,PID51582,0,0.2155,Low
CLM101583,PID51583,0,0.2176,Low
CLM101584,PID51584,0,0.1186,Low
CLM101585,PID51585,0,0.2893,Low
CLM101586,PID51586,0,0.2074,Low
CLM101587,PID51587,0,0.1534,Low
CLM101588,PID51588,0,0.3468,Low
CLM101589,PID51589,0,0.1906,Low
CLM101590,PID51590,0,0.0928,Low
CLM101591,PID51591,0,0.2655,Low
CLM101592,PID51592,0,0.1807,Low
CLM101593,PID51593,0,0.1183,Low
CLM101594,PID51594,0,0.1471,Low
CLM101595,PID51595,0,0.068,Low
CLM101596,PID51596,0,0.1833,Low
CLM101597,PID51597,0,0.109,Low
CLM101598,PID51598,0,0.0965,Low
CLM101599,PID51599,0,0.2263,Low
CLM101600,PID51600,0,0.1924,Low
CLM101601,PID51601,0,0.1201,Low
CLM101602,PID51602,0,0.0938,Low
CLM101603,PID51603,0,0.0821,Low
CLM101604,PID51604,0,0.1382,Low
CLM101605,PID51605,0,0.1655,Low
CLM101606,PID51606,0,0.195,Low
CLM101607,PID51607,0,0.0826,Low
CLM101608,PID51608,0,0.2196,Low
CLM101609,PID51609,0,0.184,Low
CLM101610,PID51610,0,0.1253,Low
CLM101611,PID51611,0,0.0912,Low
CLM101612,PID51612,0,0.1027,Low
CLM101613,PID51613,0,0.2382,Low
CLM101614,PID51614,0,0.0698,Low
CLM101615,PID51615,0,0.2674,Low
CLM101616,PID51616,0,0.0965,Low
CLM101617,PID51617,0,0.1561,Low
CLM101618,PID51618,0,0.0554,Low
CLM101619,PID51619,0,0.1813,Low
CLM101620,PID51620,0,0.1613,Low
CLM101621,PID51621,0,0.2184,Low
CLM101622,PID51622,0,0.1839,Low
CLM101623,PID51623,0,0.2756,Low
CLM101624,PID51624,0,0.1293,Low
CLM101625,PID51625,0,0.0941,Low
CLM101626,PID51626,0,0.1344,Low
CLM101627,PID51627,0,0.1626,Low
CLM101628,PID51628,0,0.0692,Low
CLM101629,PID51629,0,0.1169,Low
CLM101630,PID51630,0,0.1307,Low
CLM101631,PID51631,0,0.1864,Low
CLM101632,PID51632,0,0.0547,Low
CLM101633,PID51633,0,0.1804,Low
CLM101634,PID51634,0,0.1205,Low
CLM101635,PID51635,0,0.0723,Low
CLM101636,PID51636,0,0.132,Low
CLM101637,PID51637,0,0.1622,Low
CLM101638,PID51638,0,0.2667,Low
CLM101639,PID51639,0,0.1755,Low
CLM101640,PID51640,0,0.2139,Low
CLM101641,PID51641,0,0.1406,Low
CLM101642,PID51642,0,0.182,Low
CLM101643,PID51643,0,0.255,Low
CLM101644,PID51644,0,0.0791,Low
CLM101645,PID51645,0,0.2087,Low
CLM101646,PID51646,0,0.4377,Low
CLM101647,PID51647,0,0.2694,Low
CLM101648,PID51648,0,0.2808,Low
CLM101649,PID51649,0,0.1808,Low
CLM101650,PID51650,0,0.1799,Low
CLM101651,PID51651,0,0.2013,Low
CLM101652,PID51652,0,0.2146,Low
CLM101653,PID51653,0,0.2948,Low
CLM101654,PID51654,0,0.15,Low
CLM101655,PID51655,0,0.0568,Low
CLM101656,PID51656,0,0.2714,Low
CLM101657,PID51657,0,0.1375,Low
CLM101658,PID51658,0,0.2493,Low
CLM101659,PID51659,1,0.538,Medium
CLM101660,PID51660,0,0.2186,Low
CLM101661,PID51661,0,0.3069,Low
CLM101662,PID51662,0,0.1918,Low
CLM101663,PID51663,0,0.1385,Low
CLM101664,PID51664,0,0.2383,Low
CLM101665,PID51665,0,0.1721,Low
CLM101666,PID51666,0,0.2595,Low
CLM101667,PID51667,0,0.0594,Low
CLM101668,PID51668,0,0.0314,Low
CLM101669,PID51669,0,0.1322,Low
CLM101670,PID51670,0,0.1117,Low
CLM101671,PID51671,0,0.0495,Low
CLM101672,PID51672,0,0.2303,Low
CLM101673,PID51673,0,0.3077,Low
CLM101674,PID51674,0,0.2427,Low
CLM101675,PID51675,0,0.2571,Low
CLM101676,PID51676,0,0.1808,Low
CLM101677,PID51677,0,0.2733,Low
CLM101678,PID51678,0,0.2516,Low
CLM101679,PID51679,0,0.0755,Low
CLM101680,PID51680,0,0.1321,Low
CLM101681,PID51681,0,0.1358,Low
CLM101682,PID51682,0,0.0868,Low
CLM101683,PID51683,0,0.1437,Low
CLM101684,PID51684,0,0.4195,Low
CLM101685,PID51685,0,0.1267,Low
CLM101686,PID51686,0,0.1362,Low
CLM101687,PID51687,0,0.0608,Low
CLM101688,PID51688,0,0.1723,Low
CLM101689,PID51689,0,0.3105,Low
CLM101690,PID51690,0,0.1257,Low
CLM101691,PID51691,0,0.2019,Low
CLM101692,PID51692,0,0.1727,Low
CLM101693,PID51693,0,0.2294,Low
CLM101694,PID51694,0,0.2115,Low
CLM101695,PID51695,0,0.1331,Low
CLM101696,PID51696,0,0.1862,Low
CLM101697,PID51697,0,0.162,Low
CLM101698,PID51698,0,0.2011,Low
CLM101699,PID51699,0,0.444,Low
CLM101700,PID51700,0,0.1645,Low
CLM101701,PID51701,0,0.1658,Low
CLM101702,PID51702,0,0.1191,Low
CLM101703,PID51703,0,0.1266,Low
CLM101704,PID51704,0,0.1435,Low
CLM101705,PID51705,0,0.094,Low
CLM101706,PID51706,0,0.1313,Low
CLM101707,PID51707,0,0.1141,Low
CLM101708,PID51708,0,0.1376,Low
CLM101709,PID51709,0,0.1072,Low
CLM101710,PID51710,0,0.2323,Low
CLM101711,PID51711,0,0.204,Low
CLM101712,PID51712,0,0.1362,Low
CLM101713,PID51713,0,0.4097,Low
CLM101714,PID51714,0,0.1543,Low
CLM101715,PID51715,0,0.1467,Low
CLM101716,PID51716,0,0.1765,Low
CLM101717,PID51717,0,0.2075,Low
CLM101718,PID51718,0,0.1881,Low
CLM101719,PID51719,0,0.1077,Low
CLM101720,PID51720,0,0.0956,Low
CLM101721,PID51721,0,0.1915,Low
CLM101722,PID51722,0,0.1994,Low
CLM101723,PID51723,0,0.3001,Low
CLM101724,PID51724,0,0.0542,Low
CLM101725,PID51725,0,0.3736,Low
CLM101726,PID51726,0,0.0719,Low
CLM101727,PID51727,0,0.1938,Low
CLM101728,PID51728,0,0.1734,Low
CLM101729,PID51729,0,0.2522,Low
CLM101730,PID51730,0,0.2106,Low
CLM101731,PID51731,0,0.1467,Low
CLM101732,PID51732,0,0.2098,Low
CLM101733,PID51733,0,0.125,Low
CLM101734,PID51734,0,0.1405,Low
CLM101735,PID51735,0,0.1004,Low
CLM101736,PID51736,0,0.1737,Low
CLM101737,PID51737,0,0.1639,Low
CLM101738,PID51738,0,0.2709,Low
CLM101739,PID51739,0,0.1164,Low
CLM101740,PID51740,0,0.1237,Low
CLM101741,PID51741,0,0.0385,Low
CLM101742,PID51742,0,0.277,Low
CLM101743,PID51743,0,0.2331,Low
CLM101744,PID51744,0,0.1162,Low
CLM101745,PID51745,0,0.1079,Low
CLM101746,PID51746,0,0.2019,Low
CLM101747,PID51747,0,0.3062,Low
CLM101748,PID51748,0,0.0995,Low
CLM101749,PID51749,0,0.0933,Low
CLM101750,PID51750,0,0.2381,Low
CLM101751,PID51751,0,0.2132,Low
CLM101752,PID51752,0,0.288,Low
CLM101753,PID51753,0,0.0867,Low
CLM101754,PID51754,0,0.2356,Low
CLM101755,PID51755,0,0.1019,Low
CLM101756,PID51756,0,0.211,Low
CLM101757,PID51757,0,0.1793,Low
CLM101758,PID51758,0,0.203,Low
CLM101759,PID51759,0,0.2467,Low
CLM101760,PID51760,0,0.1311,Low
CLM101761,PID51761,0,0.1925,Low
CLM101762,PID51762,0,0.1479,Low
CLM101763,PID51763,0,0.1927,Low
CLM101764,PID51764,0,0.1373,Low
CLM101765,PID51765,0,0.1675,Low
CLM101766,PID51766,0,0.1781,Low
CLM101767,PID51767,0,0.1411,Low
CLM101768,PID51768,0,0.1791,Low
CLM101769,PID51769,0,0.1229,Low
CLM101770,PID51770,0,0.1758,Low
CLM101771,PID51771,0,0.0852,Low
CLM101772,PID51772,0,0.1182,Low
CLM101773,PID51773,0,0.1527,Low
CLM101774,PID51774,0,0.2648,Low
CLM101775,PID51775,0,0.1802,Low
CLM101776,PID51776,0,0.2005,Low
CLM101777,PID51777,0,0.1325,Low
CLM101778,PID51778,0,0.1013,Low
CLM101779,PID51779,0,0.0821,Low
CLM101780,PID51780,0,0.1857,Low
CLM101781,PID51781,0,0.2332,Low
CLM101782,PID51782,0,0.1133,Low
CLM101783,PID51783,0,0.0898,Low
CLM101784,PID51784,0,0.2931,Low
CLM101785,PID51785,0,0.3228,Low
CLM101786,PID51786,0,0.1796,Low
CLM101787,PID51787,0,0.162,Low
CLM101788,PID51788,0,0.203,Low
CLM101789,PID51789,0,0.1522,Low
CLM101790,PID51790,0,0.1,Low
CLM101791,PID51791,0,0.2295,Low
CLM101792,PID51792,0,0.1962,Low
CLM101793,PID51793,0,0.0792,Low
CLM101794,PID51794,0,0.0999,Low
CLM101795,PID51795,0,0.0808,Low
CLM101796,PID51796,0,0.168,Low
CLM101797,PID51797,0,0.2319,Low
CLM101798,PID51798,0,0.0711,Low
CLM101799,PID51799,0,0.2484,Low
CLM101800,PID51800,0,0.1401,Low
CLM101801,PID51801,0,0.1849,Low
CLM101802,PID51802,0,0.2132,Low
CLM101803,PID51803,0,0.0897,Low
CLM101804,PID51804,0,0.1448,Low
CLM101805,PID51805,0,0.183,Low
CLM101806,PID51806,0,0.1734,Low
CLM101807,PID51807,0,0.0961,Low
CLM101808,PID51808,0,0.1188,Low
CLM101809,PID51809,0,0.1979,Low
CLM101810,PID51810,0,0.1913,Low
CLM101811,PID51811,0,0.1633,Low
CLM101812,PID51812,0,0.1442,Low
CLM101813,PID51813,0,0.2975,Low
CLM101814,PID51814,0,0.1769,Low
CLM101815,PID51815,0,0.1042,Low
CLM101816,PID51816,0,0.026,Low
CLM101817,PID51817,0,0.1313,Low
CLM101818,PID51818,0,0.143,Low
CLM101819,PID51819,0,0.2639,Low
CLM101820,PID51820,0,0.0635,Low
CLM101821,PID51821,0,0.154,Low
CLM101822,PID51822,0,0.2013,Low
CLM101823,PID51823,0,0.2392,Low
CLM101824,PID51824,0,0.0364,Low
CLM101825,PID51825,0,0.143,Low
CLM101826,PID51826,0,0.1814,Low
CLM101827,PID51827,0,0.0613,Low
CLM101828,PID51828,0,0.162,Low
CLM101829,PID51829,0,0.1501,Low
CLM101830,PID51830,0,0.0784,Low
CLM101831,PID51831,0,0.177,Low
CLM101832,PID51832,0,0.1249,Low
CLM101833,PID51833,0,0.1789,Low
CLM101834,PID51834,0,0.0986,Low
CLM101835,PID51835,0,0.1303,Low
CLM101836,PID51836,0,0.2383,Low
CLM101837,PID51837,0,0.1193,Low
CLM101838,PID51838,0,0.1342,Low
CLM101839,PID51839,0,0.1031,Low
CLM101840,PID51840,0,0.0836,Low
CLM101841,PID51841,0,0.1636,Low
CLM101842,PID51842,0,0.1596,Low
CLM101843,PID51843,0,0.2184,Low
CLM101844,PID51844,0,0.1587,Low
CLM101845,PID51845,0,0.1671,Low
CLM101846,PID51846,0,0.4056,Low
CLM101847,PID51847,0,0.1546,Low
CLM101848,PID51848,0,0.0712,Low
CLM101849,PID51849,0,0.1333,Low
CLM101850,PID51850,0,0.2169,Low
CLM101851,PID51851,0,0.1298,Low
CLM101852,PID51852,0,0.1365,Low
CLM101853,PID51853,0,0.1656,Low
CLM101854,PID51854,0,0.2708,Low
CLM101855,PID51855,0,0.1487,Low
CLM101856,PID51856,0,0.1023,Low
CLM101857,PID51857,0,0.1025,Low
CLM101858,PID51858,0,0.1631,Low
CLM101859,PID51859,0,0.116,Low
CLM101860,PID51860,0,0.1048,Low
CLM101861,PID51861,0,0.279,Low
CLM101862,PID51862,0,0.1539,Low
CLM101863,PID51863,0,0.0841,Low
CLM101864,PID51864,0,0.243,Low
CLM101865,PID51865,0,0.3303,Low
CLM101866,PID51866,0,0.2631,Low
CLM101867,PID51867,0,0.2884,Low
CLM101868,PID51868,0,0.1915,Low
CLM101869,PID51869,0,0.1298,Low
CLM101870,PID51870,0,0.2009,Low
CLM101871,PID51871,0,0.0304,Low
CLM101872,PID51872,0,0.2146,Low
CLM101873,PID51873,0,0.1628,Low
CLM101874,PID51874,0,0.1383,Low
CLM101875,PID51875,0,0.239,Low
CLM101876,PID51876,0,0.1391,Low
CLM101877,PID51877,0,0.1166,Low
CLM101878,PID51878,0,0.1403,Low
CLM101879,PID51879,0,0.185,Low
CLM101880,PID51880,0,0.0801,Low
CLM101881,PID51881,0,0.1399,Low
CLM101882,PID51882,0,0.1752,Low
CLM101883,PID51883,0,0.0864,Low
CLM101884,PID51884,0,0.2268,Low
CLM101885,PID51885,0,0.1711,Low
CLM101886,PID51886,0,0.3259,Low
CLM101887,PID51887,0,0.1878,Low
CLM101888,PID51888,0,0.1029,Low
CLM101889,PID51889,0,0.001,Low
CLM101890,PID51890,0,0.0365,Low
CLM101891,PID51891,0,0.1459,Low
CLM101892,PID51892,0,0.1701,Low
CLM101893,PID51893,0,0.1659,Low
CLM101894,PID51894,0,0.0891,Low
CLM101895,PID51895,0,0.2596,Low
CLM101896,PID51896,0,0.2149,Low
CLM101897,PID51897,0,0.1034,Low
CLM101898,PID51898,0,0.2094,Low
CLM101899,PID51899,0,0.29,Low
CLM101900,PID51900,0,0.2815,Low
CLM101901,PID51901,0,0.163,Low
CLM101902,PID51902,0,0.1209,Low
CLM101903,PID51903,0,0.2307,Low
CLM101904,PID51904,0,0.3406,Low
CLM101905,PID51905,0,0.2081,Low
CLM101906,PID51906,0,0.2144,Low
CLM101907,PID51907,0,0.1379,Low
CLM101908,PID51908,0,0.1313,Low
CLM101909,PID51909,0,0.1608,Low
CLM101910,PID51910,0,0.1417,Low
CLM101911,PID51911,0,0.0771,Low
CLM101912,PID51912,0,0.2174,Low
CLM101913,PID51913,0,0.2427,Low
CLM101914,PID51914,0,0.0131,Low
CLM101915,PID51915,0,0.1645,Low
CLM101916,PID51916,0,0.287,Low
CLM101917,PID51917,0,0.1354,Low
CLM101918,PID51918,0,0.3561,Low
CLM101919,PID51919,0,0.2618,Low
CLM101920,PID51920,0,0.0709,Low
CLM101921,PID51921,0,0.0597,Low
CLM101922,PID51922,0,0.1147,Low
CLM101923,PID51923,0,0.1441,Low
CLM101924,PID51924,0,0.2306,Low
CLM101925,PID51925,0,0.0645,Low
CLM101926,PID51926,0,0.0494,Low
CLM101927,PID51927,0,0.138,Low
CLM101928,PID51928,0,0.24,Low
CLM101929,PID51929,0,0.1151,Low
CLM101930,PID51930,0,0.1832,Low
CLM101931,PID51931,0,0.1489,Low
CLM101932,PID51932,0,0.2244,Low
CLM101933,PID51933,0,0.2191,Low
CLM101934,PID51934,0,0.2745,Low
CLM101935,PID51935,0,0.1809,Low
CLM101936,PID51936,0,0.3048,Low
CLM101937,PID51937,0,0.1912,Low
CLM101938,PID51938,0,0.116,Low
CLM101939,PID51939,0,0.174,Low
CLM101940,PID51940,0,0.0773,Low
CLM101941,PID51941,0,0.1784,Low
CLM101942,PID51942,0,0.2002,Low
CLM101943,PID51943,0,0.2789,Low
CLM101944,PID51944,0,0.1825,Low
CLM101945,PID51945,0,0.1828,Low
CLM101946,PID51946,0,0.0792,Low
CLM101947,PID51947,0,0.1075,Low
CLM101948,PID51948,0,0.1753,Low
CLM101949,PID51949,0,0.0925,Low
CLM101950,PID51950,0,0.1632,Low
CLM101951,PID51951,0,0.0437,Low
CLM101952,PID51952,0,0.251,Low
CLM101953,PID51953,0,0.1356,Low
CLM101954,PID51954,0,0.0733,Low
CLM101955,PID51955,0,0.2281,Low
CLM101956,PID51956,0,0.1097,Low
CLM101957,PID51957,0,0.1947,Low
CLM101958,PID51958,0,0.2094,Low
CLM101959,PID51959,0,0.1516,Low
CLM101960,PID51960,0,0.2776,Low
CLM101961,PID51961,0,0.0371,Low
CLM101962,PID51962,0,0.1804,Low
CLM101963,PID51963,1,0.6002,Medium
CLM101964,PID51964,0,0.3045,Low
CLM101965,PID51965,0,0.084,Low
CLM101966,PID51966,0,0.0853,Low
CLM101967,PID51967,0,0.1263,Low
CLM101968,PID51968,0,0.1292,Low
CLM101969,PID51969,0,0.2051,Low
CLM101970,PID51970,0,0.1219,Low
CLM101971,PID51971,0,0.0561,Low
CLM101972,PID51972,0,0.2808,Low
CLM101973,PID51973,0,0.2042,Low
CLM101974,PID51974,0,0.046,Low
CLM101975,PID51975,0,0.217,Low
CLM101976,PID51976,0,0.22,Low
CLM101977,PID51977,0,0.1805,Low
CLM101978,PID51978,0,0.1396,Low
CLM101979,PID51979,0,0.3076,Low
CLM101980,PID51980,0,0.1163,Low
CLM101981,PID51981,0,0.205,Low
CLM101982,PID51982,0,0.1921,Low
CLM101983,PID51983,0,0.3706,Low
CLM101984,PID51984,0,0.1745,Low
CLM101985,PID51985,0,0.1898,Low
CLM101986,PID51986,0,0.148,Low
CLM101987,PID51987,0,0.0782,Low
CLM101988,PID51988,0,0.2392,Low
CLM101989,PID51989,0,0.1545,Low
CLM101990,PID51990,0,0.1885,Low
CLM101991,PID51991,0,0.1095,Low
CLM101992,PID51992,0,0.2662,Low
CLM101993,PID51993,0,0.2327,Low
CLM101994,PID51994,0,0.2576,Low
CLM101995,PID51995,0,0.2435,Low
CLM101996,PID51996,0,0.0779,Low
CLM101997,PID51997,0,0.111,Low
CLM101998,PID51998,0,0.1628,Low
CLM101999,PID51999,0,0.1912,Low
CLM102000,PID52000,0,0.0983,Low
CLM102001,PID52001,0,0.001,Low
CLM102002,PID52002,0,0.2705,Low
CLM102003,PID52003,0,0.1831,Low
CLM102004,PID52004,0,0.154,Low
CLM102005,PID52005,0,0.1095,Low
CLM102006,PID52006,0,0.2966,Low
CLM102007,PID52007,0,0.2414,Low
CLM102008,PID52008,0,0.0684,Low
CLM102009,PID52009,0,0.0509,Low
CLM102010,PID52010,0,0.1793,Low
CLM102011,PID52011,0,0.2157,Low
CLM102012,PID52012,0,0.1083,Low
CLM102013,PID52013,0,0.131,Low
CLM102014,PID52014,0,0.1854,Low
CLM102015,PID52015,0,0.1228,Low
CLM102016,PID52016,0,0.1425,Low
CLM102017,PID52017,0,0.1087,Low
CLM102018,PID52018,0,0.2332,Low
CLM102019,PID52019,0,0.1964,Low
CLM102020,PID52020,0,0.1926,Low
CLM102021,PID52021,0,0.0931,Low
CLM102022,PID52022,0,0.0434,Low
CLM102023,PID52023,0,0.2535,Low
CLM102024,PID52024,0,0.1742,Low
CLM102025,PID52025,0,0.1739,Low
CLM102026,PID52026,0,0.2046,Low
CLM102027,PID52027,0,0.1402,Low
CLM102028,PID52028,0,0.1885,Low
CLM102029,PID52029,0,0.0602,Low
CLM102030,PID52030,0,0.0776,Low
CLM102031,PID52031,0,0.1621,Low
CLM102032,PID52032,0,0.1675,Low
CLM102033,PID52033,0,0.1912,Low
CLM102034,PID52034,0,0.4661,Low
CLM102035,PID52035,0,0.2166,Low
CLM102036,PID52036,0,0.1222,Low
CLM102037,PID52037,0,0.1653,Low
CLM102038,PID52038,0,0.1416,Low
CLM102039,PID52039,0,0.2433,Low
CLM102040,PID52040,0,0.1433,Low
CLM102041,PID52041,0,0.1736,Low
CLM102042,PID52042,0,0.2853,Low
CLM102043,PID52043,0,0.2742,Low
CLM102044,PID52044,0,0.2286,Low
CLM102045,PID52045,0,0.2045,Low
CLM102046,PID52046,0,0.3759,Low
CLM102047,PID52047,0,0.2198,Low
CLM102048,PID52048,0,0.1996,Low
CLM102049,PID52049,0,0.1875,Low
CLM102050,PID52050,0,0.1987,Low
CLM102051,PID52051,0,0.1664,Low
CLM102052,PID52052,0,0.2171,Low
CLM102053,PID52053,0,0.3327,Low
CLM102054,PID52054,0,0.1386,Low
CLM102055,PID52055,0,0.1509,Low
CLM102056,PID52056,0,0.1669,Low
CLM102057,PID52057,0,0.2366,Low
CLM102058,PID52058,0,0.1284,Low
CLM102059,PID52059,0,0.1935,Low
CLM102060,PID52060,0,0.1992,Low
CLM102061,PID52061,0,0.0589,Low
CLM102062,PID52062,0,0.1819,Low
CLM102063,PID52063,0,0.0717,Low
CLM102064,PID52064,0,0.179,Low
CLM102065,PID52065,0,0.1948,Low
CLM102066,PID52066,0,0.1422,Low
CLM102067,PID52067,0,0.2419,Low
CLM102068,PID52068,0,0.0777,Low
CLM102069,PID52069,0,0.1827,Low
CLM102070,PID52070,0,0.0543,Low
CLM102071,PID52071,0,0.1835,Low
CLM102072,PID52072,0,0.3002,Low
CLM102073,PID52073,0,0.2338,Low
CLM102074,PID52074,0,0.133,Low
CLM102075,PID52075,0,0.1436,Low
CLM102076,PID52076,0,0.2176,Low
CLM102077,PID52077,0,0.0519,Low
CLM102078,PID52078,0,0.1745,Low
CLM102079,PID52079,0,0.1784,Low
CLM102080,PID52080,0,0.2811,Low
CLM102081,PID52081,0,0.203,Low
CLM102082,PID52082,0,0.3223,Low
CLM102083,PID52083,0,0.2052,Low
CLM102084,PID52084,0,0.1598,Low
CLM102085,PID52085,0,0.1191,Low
CLM102086,PID52086,0,0.1369,Low
CLM102087,PID52087,0,0.3836,Low
CLM102088,PID52088,0,0.2241,Low
CLM102089,PID52089,0,0.1585,Low
CLM102090,PID52090,0,0.1863,Low
CLM102091,PID52091,0,0.197,Low
CLM102092,PID52092,0,0.2053,Low
CLM102093,PID52093,0,0.2046,Low
CLM102094,PID52094,0,0.1509,Low
CLM102095,PID52095,0,0.1225,Low
CLM102096,PID52096,0,0.181,Low
CLM102097,PID52097,0,0.0525,Low
CLM102098,PID52098,0,0.3468,Low
CLM102099,PID52099,0,0.1406,Low
CLM102100,PID52100,0,0.0901,Low
CLM102101,PID52101,0,0.0654,Low
CLM102102,PID52102,0,0.1723,Low
CLM102103,PID52103,0,0.1983,Low
CLM102104,PID52104,0,0.0498,Low
CLM102105,PID52105,0,0.1792,Low
CLM102106,PID52106,0,0.228,Low
CLM102107,PID52107,0,0.1201,Low
CLM102108,PID52108,0,0.173,Low
CLM102109,PID52109,0,0.216,Low
CLM102110,PID52110,0,0.1909,Low
CLM102111,PID52111,0,0.0968,Low
CLM102112,PID52112,0,0.1597,Low
CLM102113,PID52113,0,0.234,Low
CLM102114,PID52114,0,0.1485,Low
CLM102115,PID52115,0,0.1472,Low
CLM102116,PID52116,0,0.0864,Low
CLM102117,PID52117,0,0.1774,Low
CLM102118,PID52118,0,0.0141,Low
CLM102119,PID52119,0,0.2104,Low
CLM102120,PID52120,0,0.1286,Low
CLM102121,PID52121,0,0.1738,Low
CLM102122,PID52122,0,0.3026,Low
CLM102123,PID52123,0,0.0171,Low
CLM102124,PID52124,0,0.1435,Low
CLM102125,PID52125,0,0.1182,Low
CLM102126,PID52126,0,0.2129,Low
CLM102127,PID52127,0,0.1626,Low
CLM102128,PID52128,0,0.1771,Low
CLM102129,PID52129,0,0.1631,Low
CLM102130,PID52130,0,0.2799,Low
CLM102131,PID52131,0,0.2334,Low
CLM102132,PID52132,0,0.4328,Low
CLM102133,PID52133,0,0.2371,Low
CLM102134,PID52134,0,0.1476,Low
CLM102135,PID52135,0,0.1128,Low
CLM102136,PID52136,0,0.2208,Low
CLM102137,PID52137,0,0.1148,Low
CLM102138,PID52138,0,0.1048,Low
CLM102139,PID52139,0,0.1737,Low
CLM102140,PID52140,0,0.0526,Low
CLM102141,PID52141,0,0.2133,Low
CLM102142,PID52142,0,0.1046,Low
CLM102143,PID52143,0,0.1858,Low
CLM102144,PID52144,0,0.0488,Low
CLM102145,PID52145,0,0.3138,Low
CLM102146,PID52146,0,0.1249,Low
CLM102147,PID52147,0,0.137,Low
CLM102148,PID52148,0,0.3458,Low
CLM102149,PID52149,0,0.1883,Low
CLM102150,PID52150,0,0.0547,Low
CLM102151,PID52151,0,0.1784,Low
CLM102152,PID52152,0,0.1592,Low
CLM102153,PID52153,0,0.1651,Low
CLM102154,PID52154,0,0.2029,Low
CLM102155,PID52155,0,0.1195,Low
CLM102156,PID52156,0,0.1978,Low
CLM102157,PID52157,0,0.0521,Low
CLM102158,PID52158,0,0.2319,Low
CLM102159,PID52159,0,0.1483,Low
CLM102160,PID52160,0,0.1274,Low
CLM102161,PID52161,0,0.3275,Low
CLM102162,PID52162,0,0.2377,Low
CLM102163,PID52163,0,0.0812,Low
CLM102164,PID52164,0,0.2364,Low
CLM102165,PID52165,0,0.1169,Low
CLM102166,PID52166,0,0.1095,Low
CLM102167,PID52167,0,0.0929,Low
CLM102168,PID52168,0,0.1122,Low
CLM102169,PID52169,0,0.2846,Low
CLM102170,PID52170,0,0.1799,Low
CLM102171,PID52171,0,0.0805,Low
CLM102172,PID52172,0,0.1883,Low
CLM102173,PID52173,0,0.16,Low
CLM102174,PID52174,0,0.1233,Low
CLM102175,PID52175,0,0.1003,Low
CLM102176,PID52176,0,0.1901,Low
CLM102177,PID52177,0,0.1263,Low
CLM102178,PID52178,0,0.1492,Low
CLM102179,PID52179,0,0.2421,Low
CLM102180,PID52180,0,0.1339,Low
CLM102181,PID52181,0,0.1473,Low
CLM102182,PID52182,0,0.373,Low
CLM102183,PID52183,0,0.1532,Low
CLM102184,PID52184,0,0.1275,Low
CLM102185,PID52185,0,0.2649,Low
CLM102186,PID52186,0,0.1127,Low
CLM102187,PID52187,0,0.2163,Low
CLM102188,PID52188,0,0.0956,Low
CLM102189,PID52189,0,0.1496,Low
CLM102190,PID52190,0,0.1412,Low
CLM102191,PID52191,0,0.3745,Low
CLM102192,PID52192,0,0.1917,Low
CLM102193,PID52193,0,0.1808,Low
CLM102194,PID52194,0,0.1302,Low
CLM102195,PID52195,0,0.1757,Low
CLM102196,PID52196,0,0.1179,Low
CLM102197,PID52197,0,0.1181,Low
CLM102198,PID52198,0,0.1279,Low
CLM102199,PID52199,0,0.1657,Low
CLM102200,PID52200,0,0.2736,Low
CLM102201,PID52201,0,0.1558,Low
CLM102202,PID52202,0,0.001,Low
CLM102203,PID52203,0,0.1719,Low
CLM102204,PID52204,0,0.1773,Low
CLM102205,PID52205,0,0.2694,Low
CLM102206,PID52206,0,0.261,Low
CLM102207,PID52207,0,0.2704,Low
CLM102208,PID52208,0,0.0715,Low
CLM102209,PID52209,0,0.435,Low
CLM102210,PID52210,0,0.1057,Low
CLM102211,PID52211,0,0.1474,Low
CLM102212,PID52212,0,0.1315,Low
CLM102213,PID52213,0,0.286,Low
CLM102214,PID52214,0,0.0996,Low
CLM102215,PID52215,0,0.1947,Low
CLM102216,PID52216,0,0.1876,Low
CLM102217,PID52217,0,0.4072,Low
CLM102218,PID52218,0,0.1609,Low
CLM102219,PID52219,0,0.0294,Low
CLM102220,PID52220,0,0.0786,Low
CLM102221,PID52221,0,0.3206,Low
CLM102222,PID52222,0,0.1501,Low
CLM102223,PID52223,0,0.065,Low
CLM102224,PID52224,0,0.1716,Low
CLM102225,PID52225,0,0.1319,Low
CLM102226,PID52226,0,0.1845,Low
CLM102227,PID52227,0,0.154,Low
CLM102228,PID52228,0,0.3652,Low
CLM102229,PID52229,0,0.153,Low
CLM102230,PID52230,0,0.2607,Low
CLM102231,PID52231,0,0.0934,Low
CLM102232,PID52232,0,0.1828,Low
CLM102233,PID52233,0,0.3108,Low
CLM102234,PID52234,0,0.1707,Low
CLM102235,PID52235,0,0.0478,Low
CLM102236,PID52236,0,0.2313,Low
CLM102237,PID52237,0,0.1979,Low
CLM102238,PID52238,0,0.1275,Low
CLM102239,PID52239,0,0.2531,Low
CLM102240,PID52240,0,0.1609,Low
CLM102241,PID52241,0,0.106,Low
CLM102242,PID52242,0,0.1418,Low
CLM102243,PID52243,0,0.1938,Low
CLM102244,PID52244,0,0.1016,Low
CLM102245,PID52245,0,0.1568,Low
CLM102246,PID52246,0,0.0974,Low
CLM102247,PID52247,0,0.1492,Low
CLM102248,PID52248,0,0.1016,Low
CLM102249,PID52249,0,0.2406,Low
CLM102250,PID52250,0,0.278,Low
CLM102251,PID52251,0,0.1405,Low
CLM102252,PID52252,0,0.1864,Low
CLM102253,PID52253,0,0.2133,Low
CLM102254,PID52254,0,0.1186,Low
CLM102255,PID52255,0,0.2749,Low
CLM102256,PID52256,0,0.0537,Low
CLM102257,PID52257,0,0.1369,Low
CLM102258,PID52258,0,0.166,Low
CLM102259,PID52259,0,0.1912,Low
CLM102260,PID52260,0,0.1435,Low
CLM102261,PID52261,0,0.1755,Low
CLM102262,PID52262,0,0.3263,Low
CLM102263,PID52263,0,0.1627,Low
CLM102264,PID52264,0,0.2214,Low
CLM102265,PID52265,0,0.1482,Low
CLM102266,PID52266,0,0.3151,Low
CLM102267,PID52267,0,0.1722,Low
CLM102268,PID52268,0,0.1163,Low
CLM102269,PID52269,0,0.1254,Low
CLM102270,PID52270,0,0.2219,Low
CLM102271,PID52271,0,0.0903,Low
CLM102272,PID52272,0,0.1656,Low
CLM102273,PID52273,0,0.2319,Low
CLM102274,PID52274,0,0.1053,Low
CLM102275,PID52275,0,0.2397,Low
CLM102276,PID52276,0,0.2225,Low
CLM102277,PID52277,0,0.1037,Low
CLM102278,PID52278,0,0.1252,Low
CLM102279,PID52279,0,0.149,Low
CLM102280,PID52280,0,0.1379,Low
CLM102281,PID52281,0,0.1422,Low
CLM102282,PID52282,0,0.1673,Low
CLM102283,PID52283,0,0.1538,Low
CLM102284,PID52284,0,0.1918,Low
CLM102285,PID52285,0,0.1692,Low
CLM102286,PID52286,0,0.2257,Low
CLM102287,PID52287,0,0.1136,Low
CLM102288,PID52288,0,0.1689,Low
CLM102289,PID52289,0,0.2795,Low
CLM102290,PID52290,0,0.0869,Low
CLM102291,PID52291,0,0.249,Low
CLM102292,PID52292,0,0.1705,Low
CLM102293,PID52293,0,0.0982,Low
CLM102294,PID52294,0,0.1645,Low
CLM102295,PID52295,0,0.2524,Low
CLM102296,PID52296,0,0.1641,Low
CLM102297,PID52297,0,0.1167,Low
CLM102298,PID52298,0,0.3555,Low
CLM102299,PID52299,0,0.1433,Low
CLM102300,PID52300,0,0.0962,Low
CLM102301,PID52301,0,0.3451,Low
CLM102302,PID52302,0,0.0738,Low
CLM102303,PID52303,0,0.1766,Low
CLM102304,PID52304,0,0.1281,Low
CLM102305,PID52305,0,0.0873,Low
CLM102306,PID52306,0,0.208,Low
CLM102307,PID52307,0,0.2704,Low
CLM102308,PID52308,0,0.1598,Low
CLM102309,PID52309,0,0.2183,Low
CLM102310,PID52310,0,0.1816,Low
CLM102311,PID52311,0,0.3383,Low
CLM102312,PID52312,0,0.2661,Low
CLM102313,PID52313,0,0.1082,Low
CLM102314,PID52314,0,0.1908,Low
CLM102315,PID52315,0,0.1439,Low
CLM102316,PID52316,0,0.148,Low
CLM102317,PID52317,0,0.1561,Low
CLM102318,PID52318,0,0.205,Low
CLM102319,PID52319,0,0.2405,Low
CLM102320,PID52320,0,0.1324,Low
CLM102321,PID52321,0,0.1482,Low
CLM102322,PID52322,0,0.1144,Low
CLM102323,PID52323,0,0.1459,Low
CLM102324,PID52324,0,0.3749,Low
CLM102325,PID52325,0,0.15,Low
CLM102326,PID52326,0,0.165,Low
CLM102327,PID52327,0,0.0554,Low
CLM102328,PID52328,0,0.2002,Low
CLM102329,PID52329,0,0.2432,Low
CLM102330,PID52330,0,0.0756,Low
CLM102331,PID52331,0,0.1342,Low
CLM102332,PID52332,0,0.1075,Low
CLM102333,PID52333,0,0.3097,Low
CLM102334,PID52334,0,0.1528,Low
CLM102335,PID52335,0,0.0666,Low
CLM102336,PID52336,0,0.139,Low
CLM102337,PID52337,0,0.4811,Low
CLM102338,PID52338,0,0.162,Low
CLM102339,PID52339,0,0.1922,Low
CLM102340,PID52340,0,0.2382,Low
CLM102341,PID52341,0,0.0986,Low
CLM102342,PID52342,0,0.1724,Low
CLM102343,PID52343,0,0.1636,Low
CLM102344,PID52344,0,0.2111,Low
CLM102345,PID52345,0,0.222,Low
CLM102346,PID52346,0,0.1262,Low
CLM102347,PID52347,0,0.0485,Low
CLM102348,PID52348,0,0.4134,Low
CLM102349,PID52349,0,0.1727,Low
CLM102350,PID52350,0,0.1503,Low
CLM102351,PID52351,0,0.3241,Low
CLM102352,PID52352,0,0.1424,Low
CLM102353,PID52353,0,0.1478,Low
CLM102354,PID52354,0,0.1427,Low
CLM102355,PID52355,0,0.2523,Low
CLM102356,PID52356,0,0.1558,Low
CLM102357,PID52357,0,0.1677,Low
CLM102358,PID52358,0,0.1745,Low
CLM102359,PID52359,0,0.1205,Low
CLM102360,PID52360,0,0.2791,Low
CLM102361,PID52361,0,0.1099,Low
CLM102362,PID52362,0,0.0915,Low
CLM102363,PID52363,0,0.4316,Low
CLM102364,PID52364,0,0.1613,Low
CLM102365,PID52365,0,0.138,Low
CLM102366,PID52366,0,0.2269,Low
CLM102367,PID52367,0,0.2411,Low
CLM102368,PID52368,0,0.174,Low
CLM102369,PID52369,0,0.1532,Low
CLM102370,PID52370,0,0.1348,Low
CLM102371,PID52371,0,0.1856,Low
CLM102372,PID52372,0,0.2357,Low
CLM102373,PID52373,0,0.1048,Low
CLM102374,PID52374,0,0.1075,Low
CLM102375,PID52375,0,0.1964,Low
CLM102376,PID52376,0,0.0837,Low
CLM102377,PID52377,0,0.2158,Low
CLM102378,PID52378,0,0.1945,Low
CLM102379,PID52379,0,0.2274,Low
CLM102380,PID52380,0,0.1074,Low
CLM102381,PID52381,0,0.1449,Low
CLM102382,PID52382,0,0.0832,Low
CLM102383,PID52383,0,0.1172,Low
CLM102384,PID52384,0,0.1824,Low
CLM102385,PID52385,0,0.2211,Low
CLM102386,PID52386,0,0.2649,Low
CLM102387,PID52387,0,0.343,Low
CLM102388,PID52388,0,0.1803,Low
CLM102389,PID52389,0,0.0504,Low
CLM102390,PID52390,0,0.2367,Low
CLM102391,PID52391,0,0.2135,Low
CLM102392,PID52392,0,0.0669,Low
CLM102393,PID52393,0,0.1449,Low
CLM102394,PID52394,0,0.0937,Low
CLM102395,PID52395,0,0.1403,Low
CLM102396,PID52396,0,0.2069,Low
CLM102397,PID52397,0,0.1495,Low
CLM102398,PID52398,0,0.3289,Low
CLM102399,PID52399,0,0.1035,Low
CLM102400,PID52400,0,0.1449,Low
CLM102401,PID52401,0,0.1061,Low
CLM102402,PID52402,0,0.246,Low
CLM102403,PID52403,0,0.2173,Low
CLM102404,PID52404,0,0.2134,Low
CLM102405,PID52405,0,0.0979,Low
CLM102406,PID52406,0,0.1963,Low
CLM102407,PID52407,0,0.1417,Low
CLM102408,PID52408,0,0.075,Low
CLM102409,PID52409,0,0.1598,Low
CLM102410,PID52410,0,0.1829,Low
CLM102411,PID52411,0,0.164,Low
CLM102412,PID52412,0,0.1799,Low
CLM102413,PID52413,0,0.1072,Low
CLM102414,PID52414,0,0.1249,Low
CLM102415,PID52415,0,0.0725,Low
CLM102416,PID52416,0,0.1132,Low
CLM102417,PID52417,0,0.084,Low
CLM102418,PID52418,0,0.3021,Low
CLM102419,PID52419,0,0.1564,Low
CLM102420,PID52420,0,0.1332,Low
CLM102421,PID52421,0,0.2395,Low
CLM102422,PID52422,0,0.1315,Low
CLM102423,PID52423,0,0.1739,Low
CLM102424,PID52424,0,0.1853,Low
CLM102425,PID52425,0,0.2816,Low
CLM102426,PID52426,0,0.1798,Low
CLM102427,PID52427,0,0.1332,Low
CLM102428,PID52428,0,0.1012,Low
CLM102429,PID52429,0,0.291,Low
CLM102430,PID52430,0,0.1836,Low
CLM102431,PID52431,0,0.1598,Low
CLM102432,PID52432,0,0.1722,Low
CLM102433,PID52433,0,0.1651,Low
CLM102434,PID52434,0,0.1338,Low
CLM102435,PID52435,0,0.1378,Low
CLM102436,PID52436,0,0.0833,Low
CLM102437,PID52437,0,0.1782,Low
CLM102438,PID52438,0,0.1376,Low
CLM102439,PID52439,0,0.094,Low
CLM102440,PID52440,0,0.1748,Low
CLM102441,PID52441,0,0.1598,Low
CLM102442,PID52442,0,0.1509,Low
CLM102443,PID52443,0,0.1625,Low
CLM102444,PID52444,0,0.2285,Low
CLM102445,PID52445,0,0.0868,Low
CLM102446,PID52446,0,0.1874,Low
CLM102447,PID52447,0,0.1735,Low
CLM102448,PID52448,0,0.269,Low
CLM102449,PID52449,0,0.261,Low
CLM102450,PID52450,0,0.3048,Low
CLM102451,PID52451,0,0.0542,Low
CLM102452,PID52452,0,0.0892,Low
CLM102453,PID52453,0,0.0805,Low
CLM102454,PID52454,0,0.1521,Low
CLM102455,PID52455,0,0.2292,Low
CLM102456,PID52456,0,0.2302,Low
CLM102457,PID52457,0,0.1906,Low
CLM102458,PID52458,0,0.139,Low
CLM102459,PID52459,0,0.3189,Low
CLM102460,PID52460,0,0.074,Low
CLM102461,PID52461,0,0.2069,Low
CLM102462,PID52462,0,0.155,Low
CLM102463,PID52463,0,0.2126,Low
CLM102464,PID52464,0,0.1476,Low
CLM102465,PID52465,0,0.0977,Low
CLM102466,PID52466,0,0.1032,Low
CLM102467,PID52467,0,0.2124,Low
CLM102468,PID52468,0,0.1529,Low
CLM102469,PID52469,0,0.1491,Low
CLM102470,PID52470,0,0.1633,Low
CLM102471,PID52471,0,0.1537,Low
CLM102472,PID52472,0,0.0907,Low
CLM102473,PID52473,0,0.4424,Low
CLM102474,PID52474,0,0.1454,Low
CLM102475,PID52475,0,0.0852,Low
CLM102476,PID52476,0,0.2622,Low
CLM102477,PID52477,0,0.1516,Low
CLM102478,PID52478,0,0.1084,Low
CLM102479,PID52479,0,0.181,Low
CLM102480,PID52480,0,0.11,Low
CLM102481,PID52481,0,0.165,Low
CLM102482,PID52482,0,0.1642,Low
CLM102483,PID52483,0,0.1172,Low
CLM102484,PID52484,0,0.1199,Low
CLM102485,PID52485,0,0.2086,Low
CLM102486,PID52486,0,0.1526,Low
CLM102487,PID52487,0,0.4695,Low
CLM102488,PID52488,0,0.2146,Low
CLM102489,PID52489,0,0.182,Low
CLM102490,PID52490,0,0.2367,Low
CLM102491,PID52491,0,0.083,Low
CLM102492,PID52492,0,0.2569,Low
CLM102493,PID52493,0,0.1187,Low
CLM102494,PID52494,0,0.0882,Low
CLM102495,PID52495,0,0.3177,Low
CLM102496,PID52496,0,0.2726,Low
CLM102497,PID52497,0,0.226,Low
CLM102498,PID52498,0,0.3507,Low
CLM102499,PID52499,0,0.228,Low
CLM102500,PID52500,0,0.1878,Low
CLM102501,PID52501,0,0.1212,Low
CLM102502,PID52502,0,0.1653,Low
CLM102503,PID52503,0,0.1425,Low
CLM102504,PID52504,0,0.3274,Low
CLM102505,PID52505,0,0.1142,Low
CLM102506,PID52506,0,0.1217,Low
CLM102507,PID52507,0,0.2652,Low
CLM102508,PID52508,0,0.0167,Low
CLM102509,PID52509,0,0.0893,Low
CLM102510,PID52510,0,0.1668,Low
CLM102511,PID52511,0,0.2511,Low
CLM102512,PID52512,0,0.0237,Low
CLM102513,PID52513,0,0.1494,Low
CLM102514,PID52514,0,0.1394,Low
CLM102515,PID52515,0,0.058,Low
CLM102516,PID52516,0,0.1418,Low
CLM102517,PID52517,0,0.1432,Low
CLM102518,PID52518,0,0.0498,Low
CLM102519,PID52519,0,0.1061,Low
CLM102520,PID52520,0,0.4135,Low
CLM102521,PID52521,0,0.2232,Low
CLM102522,PID52522,0,0.1592,Low
CLM102523,PID52523,0,0.1353,Low
CLM102524,PID52524,0,0.0643,Low
CLM102525,PID52525,0,0.1046,Low
CLM102526,PID52526,0,0.1199,Low
CLM102527,PID52527,0,0.0505,Low
CLM102528,PID52528,0,0.0952,Low
CLM102529,PID52529,0,0.2702,Low
CLM102530,PID52530,0,0.097,Low
CLM102531,PID52531,0,0.151,Low
CLM102532,PID52532,0,0.1834,Low
CLM102533,PID52533,0,0.001,Low
CLM102534,PID52534,0,0.1863,Low
CLM102535,PID52535,0,0.1701,Low
CLM102536,PID52536,0,0.1623,Low
CLM102537,PID52537,0,0.1646,Low
CLM102538,PID52538,0,0.1437,Low
CLM102539,PID52539,0,0.2722,Low
CLM102540,PID52540,0,0.1602,Low
CLM102541,PID52541,0,0.0897,Low
CLM102542,PID52542,0,0.187,Low
CLM102543,PID52543,0,0.114,Low
CLM102544,PID52544,0,0.0836,Low
CLM102545,PID52545,0,0.1023,Low
CLM102546,PID52546,0,0.0758,Low
CLM102547,PID52547,0,0.1365,Low
CLM102548,PID52548,0,0.1893,Low
CLM102549,PID52549,0,0.2042,Low
CLM102550,PID52550,0,0.1176,Low
CLM102551,PID52551,0,0.1351,Low
CLM102552,PID52552,0,0.1983,Low
CLM102553,PID52553,0,0.2032,Low
CLM102554,PID52554,0,0.1541,Low
CLM102555,PID52555,0,0.2655,Low
CLM102556,PID52556,0,0.187,Low
CLM102557,PID52557,0,0.1994,Low
CLM102558,PID52558,0,0.1226,Low
CLM102559,PID52559,0,0.1951,Low
CLM102560,PID52560,0,0.1224,Low
CLM102561,PID52561,0,0.2117,Low
CLM102562,PID52562,0,0.1489,Low
CLM102563,PID52563,0,0.1104,Low
CLM102564,PID52564,0,0.2328,Low
CLM102565,PID52565,0,0.1027,Low
CLM102566,PID52566,0,0.1299,Low
CLM102567,PID52567,0,0.15,Low
CLM102568,PID52568,0,0.0879,Low
CLM102569,PID52569,0,0.001,Low
CLM102570,PID52570,0,0.1575,Low
CLM102571,PID52571,0,0.0685,Low
CLM102572,PID52572,0,0.2644,Low
CLM102573,PID52573,0,0.0287,Low
CLM102574,PID52574,0,0.1884,Low
CLM102575,PID52575,0,0.1038,Low
CLM102576,PID52576,0,0.2714,Low
CLM102577,PID52577,0,0.2405,Low
CLM102578,PID52578,0,0.0411,Low
CLM102579,PID52579,0,0.153,Low
CLM102580,PID52580,0,0.196,Low
CLM102581,PID52581,0,0.328,Low
CLM102582,PID52582,0,0.1931,Low
CLM102583,PID52583,0,0.2679,Low
CLM102584,PID52584,0,0.1567,Low
CLM102585,PID52585,0,0.3372,Low
CLM102586,PID52586,0,0.0751,Low
CLM102587,PID52587,0,0.174,Low
CLM102588,PID52588,0,0.208,Low
CLM102589,PID52589,0,0.1627,Low
CLM102590,PID52590,0,0.0486,Low
CLM102591,PID52591,0,0.1296,Low
CLM102592,PID52592,0,0.1017,Low
CLM102593,PID52593,0,0.2472,Low
CLM102594,PID52594,0,0.2608,Low
CLM102595,PID52595,0,0.1262,Low
CLM102596,PID52596,0,0.2987,Low
CLM102597,PID52597,0,0.252,Low
CLM102598,PID52598,0,0.2038,Low
CLM102599,PID52599,0,0.0991,Low
CLM102600,PID52600,0,0.1544,Low
CLM102601,PID52601,0,0.1807,Low
CLM102602,PID52602,0,0.1448,Low
CLM102603,PID52603,0,0.4084,Low
CLM102604,PID52604,0,0.2121,Low
CLM102605,PID52605,0,0.1231,Low
CLM102606,PID52606,0,0.0927,Low
CLM102607,PID52607,0,0.167,Low
CLM102608,PID52608,0,0.1294,Low
CLM102609,PID52609,0,0.1143,Low
CLM102610,PID52610,0,0.1488,Low
CLM102611,PID52611,0,0.0791,Low
CLM102612,PID52612,0,0.1342,Low
CLM102613,PID52613,0,0.0426,Low
CLM102614,PID52614,0,0.1305,Low
CLM102615,PID52615,0,0.2579,Low
CLM102616,PID52616,0,0.3216,Low
CLM102617,PID52617,0,0.1657,Low
CLM102618,PID52618,0,0.2038,Low
CLM102619,PID52619,0,0.1281,Low
CLM102620,PID52620,0,0.0406,Low
CLM102621,PID52621,0,0.11,Low
CLM102622,PID52622,0,0.1187,Low
CLM102623,PID52623,0,0.0694,Low
CLM102624,PID52624,0,0.0616,Low
CLM102625,PID52625,0,0.1183,Low
CLM102626,PID52626,0,0.1185,Low
CLM102627,PID52627,1,0.5821,Medium
CLM102628,PID52628,0,0.2195,Low
CLM102629,PID52629,0,0.0756,Low
CLM102630,PID52630,0,0.3194,Low
CLM102631,PID52631,0,0.0263,Low
CLM102632,PID52632,0,0.1296,Low
CLM102633,PID52633,0,0.0453,Low
CLM102634,PID52634,0,0.0674,Low
CLM102635,PID52635,0,0.0918,Low
CLM102636,PID52636,0,0.0822,Low
CLM102637,PID52637,0,0.2293,Low
CLM102638,PID52638,0,0.1829,Low
CLM102639,PID52639,0,0.1483,Low
CLM102640,PID52640,0,0.168,Low
CLM102641,PID52641,0,0.0541,Low
CLM102642,PID52642,0,0.3142,Low
CLM102643,PID52643,0,0.1766,Low
CLM102644,PID52644,0,0.0513,Low
CLM102645,PID52645,0,0.0586,Low
CLM102646,PID52646,0,0.1065,Low
CLM102647,PID52647,0,0.1163,Low
CLM102648,PID52648,0,0.2454,Low
CLM102649,PID52649,0,0.1884,Low
CLM102650,PID52650,0,0.1149,Low
CLM102651,PID52651,0,0.1135,Low
CLM102652,PID52652,0,0.3269,Low
CLM102653,PID52653,0,0.1664,Low
CLM102654,PID52654,0,0.1952,Low
CLM102655,PID52655,0,0.1559,Low
CLM102656,PID52656,0,0.0682,Low
CLM102657,PID52657,0,0.0438,Low
CLM102658,PID52658,0,0.1384,Low
CLM102659,PID52659,0,0.2234,Low
CLM102660,PID52660,0,0.091,Low
CLM102661,PID52661,0,0.1044,Low
CLM102662,PID52662,0,0.1019,Low
CLM102663,PID52663,0,0.1464,Low
CLM102664,PID52664,0,0.1081,Low
CLM102665,PID52665,0,0.1699,Low
CLM102666,PID52666,0,0.2109,Low
CLM102667,PID52667,0,0.4359,Low
CLM102668,PID52668,0,0.2111,Low
CLM102669,PID52669,0,0.1254,Low
CLM102670,PID52670,0,0.1185,Low
CLM102671,PID52671,0,0.2071,Low
CLM102672,PID52672,0,0.1006,Low
CLM102673,PID52673,0,0.1666,Low
CLM102674,PID52674,0,0.1677,Low
CLM102675,PID52675,0,0.0754,Low
CLM102676,PID52676,0,0.1589,Low
CLM102677,PID52677,0,0.164,Low
CLM102678,PID52678,0,0.161,Low
CLM102679,PID52679,0,0.2806,Low
CLM102680,PID52680,0,0.1751,Low
CLM102681,PID52681,0,0.1646,Low
CLM102682,PID52682,0,0.2247,Low
CLM102683,PID52683,0,0.1907,Low
CLM102684,PID52684,0,0.2407,Low
CLM102685,PID52685,0,0.2496,Low
CLM102686,PID52686,0,0.2018,Low
CLM102687,PID52687,0,0.2338,Low
CLM102688,PID52688,0,0.0742,Low
CLM102689,PID52689,0,0.2536,Low
CLM102690,PID52690,0,0.098,Low
CLM102691,PID52691,0,0.0985,Low
CLM102692,PID52692,0,0.1787,Low
CLM102693,PID52693,0,0.3319,Low
CLM102694,PID52694,0,0.1193,Low
CLM102695,PID52695,0,0.2167,Low
CLM102696,PID52696,0,0.0958,Low
CLM102697,PID52697,0,0.1316,Low
CLM102698,PID52698,0,0.1349,Low
CLM102699,PID52699,0,0.077,Low
CLM102700,PID52700,0,0.0913,Low
CLM102701,PID52701,0,0.2264,Low
CLM102702,PID52702,0,0.1845,Low
CLM102703,PID52703,0,0.3022,Low
CLM102704,PID52704,0,0.1233,Low
CLM102705,PID52705,0,0.2442,Low
CLM102706,PID52706,0,0.1351,Low
CLM102707,PID52707,0,0.2707,Low
CLM102708,PID52708,0,0.1843,Low
CLM102709,PID52709,0,0.1487,Low
CLM102710,PID52710,0,0.1104,Low
CLM102711,PID52711,0,0.2919,Low
CLM102712,PID52712,0,0.2125,Low
CLM102713,PID52713,0,0.1916,Low
CLM102714,PID52714,0,0.1332,Low
CLM102715,PID52715,0,0.3432,Low
CLM102716,PID52716,0,0.245,Low
CLM102717,PID52717,0,0.2932,Low
CLM102718,PID52718,0,0.2516,Low
CLM102719,PID52719,0,0.1419,Low
CLM102720,PID52720,0,0.2643,Low
CLM102721,PID52721,0,0.1464,Low
CLM102722,PID52722,0,0.0701,Low
CLM102723,PID52723,0,0.1333,Low
CLM102724,PID52724,0,0.1599,Low
CLM102725,PID52725,0,0.0694,Low
CLM102726,PID52726,0,0.1471,Low
CLM102727,PID52727,0,0.0625,Low
CLM102728,PID52728,0,0.2373,Low
CLM102729,PID52729,0,0.3627,Low
CLM102730,PID52730,0,0.1515,Low
CLM102731,PID52731,0,0.0435,Low
CLM102732,PID52732,0,0.1233,Low
CLM102733,PID52733,0,0.1169,Low
CLM102734,PID52734,0,0.3491,Low
CLM102735,PID52735,0,0.0227,Low
CLM102736,PID52736,0,0.19,Low
CLM102737,PID52737,0,0.1753,Low
CLM102738,PID52738,0,0.1548,Low
CLM102739,PID52739,0,0.2645,Low
CLM102740,PID52740,0,0.1049,Low
CLM102741,PID52741,0,0.2577,Low
CLM102742,PID52742,0,0.0834,Low
CLM102743,PID52743,0,0.1322,Low
CLM102744,PID52744,0,0.2237,Low
CLM102745,PID52745,0,0.2612,Low
CLM102746,PID52746,0,0.2935,Low
CLM102747,PID52747,0,0.237,Low
CLM102748,PID52748,0,0.0738,Low
CLM102749,PID52749,0,0.1027,Low
CLM102750,PID52750,0,0.0572,Low
CLM102751,PID52751,0,0.0764,Low
CLM102752,PID52752,0,0.1378,Low
CLM102753,PID52753,0,0.1297,Low
CLM102754,PID52754,0,0.1091,Low
CLM102755,PID52755,0,0.1046,Low
CLM102756,PID52756,0,0.1781,Low
CLM102757,PID52757,0,0.1777,Low
CLM102758,PID52758,0,0.1617,Low
CLM102759,PID52759,0,0.1489,Low
CLM102760,PID52760,0,0.1918,Low
CLM102761,PID52761,0,0.2343,Low
CLM102762,PID52762,0,0.095,Low
CLM102763,PID52763,0,0.1894,Low
CLM102764,PID52764,0,0.0695,Low
CLM102765,PID52765,0,0.0328,Low
CLM102766,PID52766,0,0.1772,Low
CLM102767,PID52767,0,0.0793,Low
CLM102768,PID52768,0,0.2453,Low
CLM102769,PID52769,0,0.1627,Low
CLM102770,PID52770,0,0.1047,Low
CLM102771,PID52771,0,0.1438,Low
CLM102772,PID52772,0,0.2427,Low
CLM102773,PID52773,0,0.0495,Low
CLM102774,PID52774,0,0.3093,Low
CLM102775,PID52775,0,0.0904,Low
CLM102776,PID52776,0,0.2773,Low
CLM102777,PID52777,0,0.299,Low
CLM102778,PID52778,0,0.0799,Low
CLM102779,PID52779,0,0.25,Low
CLM102780,PID52780,0,0.1481,Low
CLM102781,PID52781,0,0.1702,Low
CLM102782,PID52782,0,0.2752,Low
CLM102783,PID52783,0,0.0076,Low
CLM102784,PID52784,0,0.1267,Low
CLM102785,PID52785,0,0.0794,Low
CLM102786,PID52786,0,0.1586,Low
CLM102787,PID52787,0,0.1178,Low
CLM102788,PID52788,0,0.0397,Low
CLM102789,PID52789,0,0.1274,Low
CLM102790,PID52790,0,0.1639,Low
CLM102791,PID52791,0,0.1381,Low
CLM102792,PID52792,0,0.2196,Low
CLM102793,PID52793,0,0.0668,Low
CLM102794,PID52794,0,0.2349,Low
CLM102795,PID52795,0,0.1942,Low
CLM102796,PID52796,0,0.2171,Low
CLM102797,PID52797,0,0.2053,Low
CLM102798,PID52798,0,0.2259,Low
CLM102799,PID52799,0,0.2697,Low
CLM102800,PID52800,0,0.1012,Low
CLM102801,PID52801,0,0.0438,Low
CLM102802,PID52802,0,0.3274,Low
CLM102803,PID52803,0,0.157,Low
CLM102804,PID52804,0,0.1233,Low
CLM102805,PID52805,0,0.1619,Low
CLM102806,PID52806,0,0.2823,Low
CLM102807,PID52807,0,0.0755,Low
CLM102808,PID52808,0,0.1245,Low
CLM102809,PID52809,0,0.0719,Low
CLM102810,PID52810,0,0.2071,Low
CLM102811,PID52811,0,0.101,Low
CLM102812,PID52812,0,0.1372,Low
CLM102813,PID52813,0,0.2945,Low
CLM102814,PID52814,1,0.5012,Medium
CLM102815,PID52815,1,0.5315,Medium
CLM102816,PID52816,0,0.1669,Low
CLM102817,PID52817,0,0.0688,Low
CLM102818,PID52818,0,0.1035,Low
CLM102819,PID52819,0,0.0737,Low
CLM102820,PID52820,0,0.2241,Low
CLM102821,PID52821,0,0.1857,Low
CLM102822,PID52822,0,0.1213,Low
CLM102823,PID52823,0,0.0961,Low
CLM102824,PID52824,0,0.1757,Low
CLM102825,PID52825,0,0.2441,Low
CLM102826,PID52826,0,0.153,Low
CLM102827,PID52827,0,0.1623,Low
CLM102828,PID52828,0,0.1254,Low
CLM102829,PID52829,0,0.2935,Low
CLM102830,PID52830,0,0.1706,Low
CLM102831,PID52831,0,0.1962,Low
CLM102832,PID52832,0,0.1076,Low
CLM102833,PID52833,0,0.1425,Low
CLM102834,PID52834,0,0.0886,Low
CLM102835,PID52835,0,0.1059,Low
CLM102836,PID52836,0,0.1812,Low
CLM102837,PID52837,0,0.0477,Low
CLM102838,PID52838,0,0.3331,Low
CLM102839,PID52839,0,0.169,Low
CLM102840,PID52840,0,0.2831,Low
CLM102841,PID52841,0,0.1107,Low
CLM102842,PID52842,0,0.2662,Low
CLM102843,PID52843,0,0.1924,Low
CLM102844,PID52844,0,0.1744,Low
CLM102845,PID52845,0,0.151,Low
CLM102846,PID52846,0,0.3534,Low
CLM102847,PID52847,0,0.1501,Low
CLM102848,PID52848,0,0.222,Low
CLM102849,PID52849,0,0.1279,Low
CLM102850,PID52850,0,0.227,Low
CLM102851,PID52851,0,0.117,Low
CLM102852,PID52852,0,0.2289,Low
CLM102853,PID52853,0,0.1366,Low
CLM102854,PID52854,0,0.1683,Low
CLM102855,PID52855,0,0.1,Low
CLM102856,PID52856,0,0.117,Low
CLM102857,PID52857,0,0.1906,Low
CLM102858,PID52858,0,0.1437,Low
CLM102859,PID52859,0,0.1105,Low
CLM102860,PID52860,0,0.2242,Low
CLM102861,PID52861,0,0.1503,Low
CLM102862,PID52862,0,0.1314,Low
CLM102863,PID52863,0,0.1424,Low
CLM102864,PID52864,0,0.0697,Low
CLM102865,PID52865,0,0.0921,Low
CLM102866,PID52866,0,0.077,Low
CLM102867,PID52867,0,0.2031,Low
CLM102868,PID52868,0,0.1551,Low
CLM102869,PID52869,0,0.1326,Low
CLM102870,PID52870,0,0.2473,Low
CLM102871,PID52871,0,0.2814,Low
CLM102872,PID52872,0,0.1082,Low
CLM102873,PID52873,0,0.104,Low
CLM102874,PID52874,0,0.3473,Low
CLM102875,PID52875,0,0.3446,Low
CLM102876,PID52876,0,0.0396,Low
CLM102877,PID52877,0,0.1765,Low
CLM102878,PID52878,0,0.1255,Low
CLM102879,PID52879,0,0.1521,Low
CLM102880,PID52880,0,0.1886,Low
CLM102881,PID52881,0,0.2641,Low
CLM102882,PID52882,0,0.2614,Low
CLM102883,PID52883,0,0.1785,Low
CLM102884,PID52884,0,0.2221,Low
CLM102885,PID52885,0,0.077,Low
CLM102886,PID52886,0,0.176,Low
CLM102887,PID52887,0,0.0794,Low
CLM102888,PID52888,0,0.2094,Low
CLM102889,PID52889,0,0.1377,Low
CLM102890,PID52890,0,0.2109,Low
CLM102891,PID52891,0,0.4352,Low
CLM102892,PID52892,0,0.2051,Low
CLM102893,PID52893,0,0.3107,Low
CLM102894,PID52894,0,0.2555,Low
CLM102895,PID52895,0,0.0595,Low
CLM102896,PID52896,0,0.0768,Low
CLM102897,PID52897,0,0.1996,Low
CLM102898,PID52898,0,0.1376,Low
CLM102899,PID52899,0,0.1325,Low
CLM102900,PID52900,0,0.1562,Low
CLM102901,PID52901,0,0.1616,Low
CLM102902,PID52902,0,0.1133,Low
CLM102903,PID52903,0,0.1277,Low
CLM102904,PID52904,0,0.1127,Low
CLM102905,PID52905,0,0.082,Low
CLM102906,PID52906,0,0.0638,Low
CLM102907,PID52907,0,0.152,Low
CLM102908,PID52908,0,0.1876,Low
CLM102909,PID52909,0,0.1046,Low
CLM102910,PID52910,0,0.1526,Low
CLM102911,PID52911,0,0.07,Low
CLM102912,PID52912,0,0.2003,Low
CLM102913,PID52913,0,0.1285,Low
CLM102914,PID52914,0,0.1658,Low
CLM102915,PID52915,0,0.173,Low
CLM102916,PID52916,0,0.225,Low
CLM102917,PID52917,0,0.2286,Low
CLM102918,PID52918,0,0.1606,Low
CLM102919,PID52919,0,0.1152,Low
CLM102920,PID52920,0,0.192,Low
CLM102921,PID52921,0,0.2583,Low
CLM102922,PID52922,0,0.0408,Low
CLM102923,PID52923,0,0.1746,Low
CLM102924,PID52924,0,0.001,Low
CLM102925,PID52925,0,0.1339,Low
CLM102926,PID52926,0,0.3859,Low
CLM102927,PID52927,0,0.2383,Low
CLM102928,PID52928,0,0.2173,Low
CLM102929,PID52929,0,0.0547,Low
CLM102930,PID52930,0,0.154,Low
CLM102931,PID52931,0,0.1394,Low
CLM102932,PID52932,0,0.2497,Low
CLM102933,PID52933,0,0.1371,Low
CLM102934,PID52934,0,0.2913,Low
CLM102935,PID52935,0,0.1582,Low
CLM102936,PID52936,0,0.1709,Low
CLM102937,PID52937,0,0.0645,Low
CLM102938,PID52938,0,0.156,Low
CLM102939,PID52939,0,0.1787,Low
CLM102940,PID52940,0,0.1519,Low
CLM102941,PID52941,0,0.1788,Low
CLM102942,PID52942,0,0.3041,Low
CLM102943,PID52943,0,0.3065,Low
CLM102944,PID52944,0,0.1495,Low
CLM102945,PID52945,0,0.2124,Low
CLM102946,PID52946,0,0.1229,Low
CLM102947,PID52947,0,0.0945,Low
CLM102948,PID52948,0,0.2842,Low
CLM102949,PID52949,0,0.1142,Low
CLM102950,PID52950,0,0.0726,Low
CLM102951,PID52951,0,0.1592,Low
CLM102952,PID52952,0,0.2131,Low
CLM102953,PID52953,0,0.1368,Low
CLM102954,PID52954,0,0.1605,Low
CLM102955,PID52955,0,0.0263,Low
CLM102956,PID52956,0,0.1684,Low
CLM102957,PID52957,0,0.2889,Low
CLM102958,PID52958,0,0.1314,Low
CLM102959,PID52959,0,0.2972,Low
CLM102960,PID52960,0,0.0276,Low
CLM102961,PID52961,0,0.3465,Low
CLM102962,PID52962,0,0.1919,Low
CLM102963,PID52963,0,0.0861,Low
CLM102964,PID52964,0,0.3125,Low
CLM102965,PID52965,0,0.1908,Low
CLM102966,PID52966,0,0.129,Low
CLM102967,PID52967,0,0.1083,Low
CLM102968,PID52968,0,0.1566,Low
CLM102969,PID52969,0,0.1898,Low
CLM102970,PID52970,0,0.1263,Low
CLM102971,PID52971,0,0.2883,Low
CLM102972,PID52972,0,0.2737,Low
CLM102973,PID52973,0,0.1418,Low
CLM102974,PID52974,0,0.2618,Low
CLM102975,PID52975,0,0.1173,Low
CLM102976,PID52976,0,0.316,Low
CLM102977,PID52977,0,0.1976,Low
CLM102978,PID52978,0,0.1522,Low
CLM102979,PID52979,0,0.137,Low
CLM102980,PID52980,0,0.2363,Low
CLM102981,PID52981,0,0.2846,Low
CLM102982,PID52982,0,0.101,Low
CLM102983,PID52983,0,0.0954,Low
CLM102984,PID52984,0,0.213,Low
CLM102985,PID52985,0,0.1186,Low
CLM102986,PID52986,0,0.1586,Low
CLM102987,PID52987,0,0.3489,Low
CLM102988,PID52988,0,0.1897,Low
CLM102989,PID52989,0,0.0498,Low
CLM102990,PID52990,0,0.1295,Low
CLM102991,PID52991,0,0.2902,Low
CLM102992,PID52992,0,0.1445,Low
CLM102993,PID52993,0,0.1722,Low
CLM102994,PID52994,0,0.0588,Low
CLM102995,PID52995,0,0.1653,Low
CLM102996,PID52996,0,0.126,Low
CLM102997,PID52997,0,0.2237,Low
CLM102998,PID52998,0,0.241,Low
CLM102999,PID52999,0,0.0898,Low
